Attraction,CityName,Country,AttractionType,VisitCount,AverageRating,RecommendationScore
Waterbom Bali,Douala,United Kingdom,Water Parks,585,4.702564102564103,0.9156086631814786
Waterbom Bali,Douala,Australia,Water Parks,3523,4.652284984388306,0.9115758028379388
Waterbom Bali,Douala,New Zealand,Water Parks,323,4.693498452012384,0.90739357729649
Waterbom Bali,Douala,Indonesia,Water Parks,463,4.628509719222462,0.9020164301717699
Waterbom Bali,Douala,United States,Water Parks,250,4.684,0.8992531740104555
Bromo Tengger Semeru National Park,South Region,Indonesia,National Parks,206,4.679611650485437,0.8935026138909634
Waterbom Bali,Douala,Singapore,Water Parks,230,4.595652173913043,0.8823002240477968
Waterbom Bali,Douala,India,Water Parks,133,4.593984962406015,0.8674383868558625
Nusa Dua Beach,Douala,Indonesia,Beaches,181,4.530386740331492,0.8672143390589993
Tanah Lot Temple,Douala,India,Religious Sites,419,4.463007159904534,0.8664675130694548
Sacred Monkey Forest Sanctuary,Douala,Canada,Nature & Wildlife Areas,614,4.408794788273616,0.8651232262882748
Sacred Monkey Forest Sanctuary,Douala,United States,Nature & Wildlife Areas,1968,4.391260162601626,0.8642270351008214
Waterbom Bali,Douala,Netherlands,Water Parks,57,4.771929824561403,0.862808065720687
Waterbom Bali,Douala,South Africa,Water Parks,65,4.707692307692308,0.8617625093353249
Waterbom Bali,Douala,Canada,Water Parks,64,4.703125,0.8607916355489171
Sacred Monkey Forest Sanctuary,Douala,United Kingdom,Nature & Wildlife Areas,2216,4.34115523465704,0.859596713965646
Uluwatu Temple,Douala,Indonesia,Religious Sites,279,4.426523297491039,0.8545182972367438
Uluwatu Temple,Douala,India,Religious Sites,337,4.3916913946587535,0.8537714712471993
Mount Semeru Volcano,South Region,Indonesia,Volcanos,44,4.75,0.8462285287528006
Nusa Dua Beach,Douala,India,Beaches,197,4.406091370558376,0.8430171769977595
Ullen Sentalu Museum,N'Djamena,United States,History Museums,228,4.37719298245614,0.8410754294249441
Tanah Lot Temple,Douala,Indonesia,Religious Sites,219,4.3881278538812785,0.8406273338312173
Nusa Dua Beach,Douala,United Kingdom,Beaches,250,4.344,0.8398058252427184
Sacred Monkey Forest Sanctuary,Douala,Turkey,Nature & Wildlife Areas,43,4.6976744186046515,0.8382374906646752
Sacred Monkey Forest Sanctuary,Douala,Indonesia,Nature & Wildlife Areas,599,4.290484140233723,0.8377893950709485
Uluwatu Temple,Douala,Malaysia,Religious Sites,209,4.349282296650718,0.8353995519044064
Waterbom Bali,Douala,Malaysia,Water Parks,59,4.559322033898305,0.8330097087378641
Waterbom Bali,Douala,Ireland,Water Parks,35,4.771428571428571,0.832486930545183
Nusa Dua Beach,Douala,Australia,Beaches,560,4.25,0.830470500373413
Sacred Monkey Forest Sanctuary,Douala,New Zealand,Nature & Wildlife Areas,461,4.253796095444685,0.830470500373413
Ullen Sentalu Museum,N'Djamena,Indonesia,History Museums,299,4.297658862876254,0.8289768483943241
Tegalalang Rice Terrace,Douala,United States,Points of Interest & Landmarks,694,4.23342939481268,0.8285287528005975
Tanah Lot Temple,Douala,Malaysia,Religious Sites,160,4.34375,0.8285287528005973
Tegalalang Rice Terrace,Douala,United Kingdom,Points of Interest & Landmarks,767,4.215123859191656,0.8268857356235997
Jomblang Cave,N'Djamena,United States,Caverns & Caves,51,4.568627450980392,0.8268857356235997
Sacred Monkey Forest Sanctuary,Douala,Australia,Nature & Wildlife Areas,3128,4.201726342710997,0.8268857356235997
Sanur Beach,Douala,Indonesia,Beaches,313,4.271565495207668,0.8267363704256908
Tegalalang Rice Terrace,Douala,Australia,Points of Interest & Landmarks,1186,4.202360876897133,0.8258401792382375
Waterbom Bali,Douala,Egypt,Water Parks,27,4.814814814814815,0.8244212098581031
Tegalalang Rice Terrace,Douala,Indonesia,Points of Interest & Landmarks,364,4.241758241758242,0.8240477968633309
Sacred Monkey Forest Sanctuary,Douala,Hungary,Nature & Wildlife Areas,29,4.724137931034483,0.8199402539208365
Uluwatu Temple,Douala,United States,Religious Sites,320,4.228125,0.8182225541448842
Sacred Monkey Forest Sanctuary,Douala,Romania,Nature & Wildlife Areas,66,4.46969696969697,0.8163554891710232
Tanah Lot Temple,Douala,Australia,Religious Sites,763,4.173001310615989,0.8153846153846154
Sacred Monkey Forest Sanctuary,Douala,Greece,Nature & Wildlife Areas,45,4.511111111111111,0.8134428678117999
Uluwatu Temple,Douala,Australia,Religious Sites,688,4.167151162790698,0.8128454070201644
Uluwatu Temple,Douala,Singapore,Religious Sites,265,4.222641509433962,0.8117998506348021
Tegalalang Rice Terrace,Douala,United Arab Emirates,Points of Interest & Landmarks,76,4.394736842105263,0.8110530246452577
Nusa Dua Beach,Douala,China,Beaches,41,4.536585365853658,0.8110530246452576
Sacred Monkey Forest Sanctuary,Douala,United Arab Emirates,Nature & Wildlife Areas,173,4.2601156069364166,0.8103061986557132
Sacred Monkey Forest Sanctuary,Douala,Vietnam,Nature & Wildlife Areas,41,4.512195121951219,0.809260642270351
Tegalalang Rice Terrace,Douala,Canada,Points of Interest & Landmarks,222,4.2342342342342345,0.809111277072442
Bromo Tengger Semeru National Park,South Region,Singapore,National Parks,27,4.666666666666667,0.8070948469006722
Waterbom Bali,Douala,Philippines,Water Parks,25,4.68,0.8061986557132188
Waterbom Bali,Douala,Sri Lanka,Water Parks,23,4.739130434782608,0.8053024645257656
Tegalalang Rice Terrace,Douala,Germany,Points of Interest & Landmarks,105,4.314285714285714,0.8044809559372667
Sacred Monkey Forest Sanctuary,Douala,Georgia,Nature & Wildlife Areas,37,4.54054054054054,0.8044809559372665
Seminyak Beach,Douala,Indonesia,Beaches,169,4.236686390532545,0.8038088125466766
Tanah Lot Temple,Douala,United States,Religious Sites,294,4.1768707482993195,0.8036594473487678
Ramayana Ballet at Prambanan,N'Djamena,Indonesia,Ballets,55,4.418181818181818,0.8019417475728157
Waterbom Bali,Douala,France,Water Parks,21,4.714285714285714,0.8007468259895444
Sacred Monkey Forest Sanctuary,Douala,Qatar,Nature & Wildlife Areas,47,4.48936170212766,0.7997759522031367
Nusa Dua Beach,Douala,United States,Beaches,159,4.226415094339623,0.7991038088125467
Sanur Beach,Douala,Australia,Beaches,1121,4.090990187332738,0.7985063480209111
Tegalalang Rice Terrace,Douala,Romania,Points of Interest & Landmarks,33,4.545454545454546,0.7985063480209111
Merapi Volcano,N'Djamena,United States,Volcanos,618,4.106796116504855,0.7980582524271844
Nusa Dua Beach,Douala,Canada,Beaches,52,4.403846153846154,0.7973861090365945
Sacred Monkey Forest Sanctuary,Douala,Austria,Nature & Wildlife Areas,30,4.566666666666666,0.7965646004480956
Waterbom Bali,Douala,Germany,Water Parks,26,4.615384615384615,0.7963405526512323
Ramayana Ballet at Prambanan,N'Djamena,United Kingdom,Ballets,60,4.35,0.7962658700522778
Sacred Monkey Forest Sanctuary,Douala,China,Nature & Wildlife Areas,150,4.206666666666667,0.7953696788648245
Sacred Monkey Forest Sanctuary,Douala,South Africa,Nature & Wildlife Areas,169,4.195266272189349,0.79395070948469
Sacred Monkey Forest Sanctuary,Douala,Italy,Nature & Wildlife Areas,104,4.240384615384615,0.7932785660941001
Ullen Sentalu Museum,N'Djamena,United Kingdom,History Museums,89,4.258426966292135,0.7920089619118745
Merapi Volcano,N'Djamena,Indonesia,Volcanos,381,4.10498687664042,0.79193427931292
Ramayana Ballet at Prambanan,N'Djamena,Singapore,Ballets,42,4.4523809523809526,0.791411501120239
Uluwatu Temple,Douala,Bangladesh,Religious Sites,26,4.576923076923077,0.7908140403286035
Sacred Monkey Forest Sanctuary,Douala,Ireland,Nature & Wildlife Areas,73,4.315068493150685,0.7904406273338311
Sacred Monkey Forest Sanctuary,Douala,Japan,Nature & Wildlife Areas,70,4.328571428571428,0.7895444361463778
Merapi Volcano,N'Djamena,Poland,Volcanos,146,4.191780821917808,0.789395070948469
Malioboro Road,N'Djamena,Indonesia,Flea & Street Markets,294,4.115646258503402,0.7881254667662435
Tanah Lot Temple,Douala,Singapore,Religious Sites,212,4.150943396226415,0.7876026885735623
Nusa Dua Beach,Douala,Thailand,Beaches,24,4.583333333333333,0.7861090365944736
Sacred Monkey Forest Sanctuary,Douala,Sweden,Nature & Wildlife Areas,95,4.221052631578948,0.7859596713965646
Waterbom Bali,Douala,Switzerland,Water Parks,21,4.619047619047619,0.785362210604929
Merapi Volcano,N'Djamena,United Kingdom,Volcanos,211,4.137440758293839,0.7847647498132935
Sacred Monkey Forest Sanctuary,Douala,Estonia,Nature & Wildlife Areas,20,4.65,0.7842419716206124
Sacred Monkey Forest Sanctuary,Douala,Switzerland,Nature & Wildlife Areas,92,4.206521739130435,0.7831964152352502
Sacred Monkey Forest Sanctuary,Douala,Philippines,Nature & Wildlife Areas,90,4.211111111111111,0.7829723674383868
Tanah Lot Temple,Douala,United Kingdom,Religious Sites,304,4.078947368421052,0.782823002240478
Sacred Monkey Forest Sanctuary,Douala,India,Nature & Wildlife Areas,389,4.046272493573265,0.7827483196415236
Sacred Monkey Forest Sanctuary,Douala,Thailand,Nature & Wildlife Areas,116,4.189655172413793,0.7825242718446601
Ullen Sentalu Museum,N'Djamena,Singapore,History Museums,103,4.194174757281553,0.7815533980582524
Sacred Monkey Forest Sanctuary,Douala,Norway,Nature & Wildlife Areas,60,4.316666666666666,0.7813293502613892
Bromo Tengger Semeru National Park,South Region,United Kingdom,National Parks,25,4.52,0.7812546676624346
Bromo Tengger Semeru National Park,South Region,Malaysia,National Parks,25,4.52,0.7812546676624346
Sacred Monkey Forest Sanctuary,Douala,Mexico,Nature & Wildlife Areas,36,4.472222222222222,0.7811053024645258
Merapi Volcano,N'Djamena,Singapore,Volcanos,326,4.04601226993865,0.7804331590739357
Sacred Monkey Forest Sanctuary,Douala,Spain,Nature & Wildlife Areas,114,4.175438596491228,0.779462285287528
Nusa Dua Beach,Douala,Germany,Beaches,20,4.6,0.7791635548917102
Uluwatu Temple,Douala,United Kingdom,Religious Sites,273,4.08058608058608,0.7790888722927558
Waterbom Bali,Douala,Japan,Water Parks,18,4.666666666666667,0.7786407766990291
Tanah Lot Temple,Douala,Romania,Religious Sites,18,4.666666666666667,0.7786407766990291
Uluwatu Temple,Douala,Philippines,Religious Sites,63,4.26984126984127,0.7782673637042569
Sacred Monkey Forest Sanctuary,Douala,Cyprus,Nature & Wildlife Areas,21,4.571428571428571,0.7780433159073936
Tegalalang Rice Terrace,Douala,Italy,Points of Interest & Landmarks,37,4.405405405405405,0.7772964899178492
Sacred Monkey Forest Sanctuary,Douala,Germany,Nature & Wildlife Areas,187,4.117647058823529,0.7772218073188947
Tegalalang Rice Terrace,Douala,Croatia,Points of Interest & Landmarks,11,5.0,0.7769977595220314
Seminyak Beach,Douala,India,Beaches,189,4.111111111111111,0.7766990291262136
Bromo Tengger Semeru National Park,South Region,Australia,National Parks,15,4.8,0.776250933532487
Sacred Monkey Forest Sanctuary,Douala,Portugal,Nature & Wildlife Areas,53,4.320754716981132,0.7760268857356236
Tegalalang Rice Terrace,Douala,South Africa,Points of Interest & Landmarks,88,4.193181818181818,0.7751306945481702
Tegalalang Rice Terrace,Douala,India,Points of Interest & Landmarks,284,4.03169014084507,0.7737117251680359
Ullen Sentalu Museum,N'Djamena,Georgia,History Museums,61,4.245901639344262,0.7717699775952204
Sewu Temple,N'Djamena,United Kingdom,Ancient Ruins,52,4.288461538461538,0.771396564600448
Sacred Monkey Forest Sanctuary,Douala,Lithuania,Nature & Wildlife Areas,19,4.578947368421052,0.7711725168035848
Sacred Monkey Forest Sanctuary,Douala,Netherlands,Nature & Wildlife Areas,251,4.031872509960159,0.770873786407767
Tegalalang Rice Terrace,Douala,China,Points of Interest & Landmarks,89,4.168539325842697,0.7707991038088126
Waterbom Bali,Douala,Saudi Arabia,Water Parks,18,4.611111111111111,0.7705750560119492
Waterbom Bali,Douala,Italy,Water Parks,14,4.857142857142857,0.7703510082150858
Uluwatu Temple,Douala,Canada,Religious Sites,97,4.154639175257732,0.770201643017177
Tegalalang Rice Terrace,Douala,France,Points of Interest & Landmarks,79,4.189873417721519,0.7698282300224049
Waterbom Bali,Douala,Bangladesh,Water Parks,15,4.733333333333333,0.7693801344286781
Sacred Monkey Forest Sanctuary,Douala,France,Nature & Wildlife Areas,164,4.085365853658536,0.7677371172516804
Tegenungan Waterfall,Douala,India,Waterfalls,125,4.12,0.7677371172516804
Sacred Monkey Forest Sanctuary,Douala,Denmark,Nature & Wildlife Areas,77,4.181818181818182,0.7672890216579537
Waterbom Bali,Douala,China,Water Parks,47,4.297872340425532,0.7672143390589992
Sacred Monkey Forest Sanctuary,Douala,Bulgaria,Nature & Wildlife Areas,17,4.647058823529412,0.7662434652725916
Sacred Monkey Forest Sanctuary,Douala,Poland,Nature & Wildlife Areas,49,4.26530612244898,0.7662434652725915
Tegalalang Rice Terrace,Douala,Egypt,Points of Interest & Landmarks,30,4.4,0.7648991784914115
Waterbom Bali,Douala,United Arab Emirates,Water Parks,30,4.4,0.7648991784914115
Nusa Dua Beach,Douala,Singapore,Beaches,85,4.1647058823529415,0.7646751306945481
Ullen Sentalu Museum,N'Djamena,Poland,History Museums,77,4.1688311688311686,0.7646004480955937
Waterbom Bali,Douala,Iran,Water Parks,19,4.526315789473684,0.7640029873039582
Sacred Monkey Forest Sanctuary,Douala,Russia,Nature & Wildlife Areas,27,4.407407407407407,0.7619865571321882
Malioboro Road,N'Djamena,Malaysia,Flea & Street Markets,114,4.0964912280701755,0.7615384615384615
Ratu Boko Temple,N'Djamena,Indonesia,Ancient Ruins,62,4.193548387096774,0.7604182225541448
Sacred Monkey Forest Sanctuary,Douala,Iceland,Nature & Wildlife Areas,15,4.666666666666667,0.7598207617625093
Seminyak Beach,Douala,France,Beaches,17,4.588235294117647,0.7593726661687827
Merapi Volcano,N'Djamena,Georgia,Volcanos,127,4.070866141732283,0.7580283793876026
Sacred Monkey Forest Sanctuary,Douala,Saudi Arabia,Nature & Wildlife Areas,36,4.333333333333333,0.7578043315907393
Tegenungan Waterfall,Douala,Indonesia,Waterfalls,130,4.061538461538461,0.7574309185959671
Tanah Lot Temple,Douala,United Arab Emirates,Religious Sites,46,4.239130434782608,0.7551157580283794
Tegalalang Rice Terrace,Douala,Netherlands,Points of Interest & Landmarks,136,4.029411764705882,0.7547423450336072
Sempu Island,South Region,Indonesia,Nature & Wildlife Areas,39,4.282051282051282,0.7536221060492905
Sacred Monkey Forest Sanctuary,Douala,Brazil,Nature & Wildlife Areas,48,4.208333333333333,0.7533233756534726
Uluwatu Temple,Douala,China,Religious Sites,58,4.172413793103448,0.7519044062733383
Ullen Sentalu Museum,N'Djamena,Malaysia,History Museums,76,4.118421052631579,0.7513069454817028
Sacred Monkey Forest Sanctuary,Douala,Slovakia,Nature & Wildlife Areas,17,4.529411764705882,0.7513069454817027
Waterbom Bali,Douala,Spain,Water Parks,15,4.6,0.7502613890963405
Uluwatu Temple,Douala,Brazil,Religious Sites,18,4.5,0.7489171023151606
Tanah Lot Temple,Douala,Bangladesh,Religious Sites,20,4.45,0.7480955937266617
Merapi Volcano,N'Djamena,India,Volcanos,57,4.157894736842105,0.746303211351755
Jomblang Cave,N'Djamena,Indonesia,Caverns & Caves,14,4.642857142857143,0.7460044809559372
Nusa Dua Beach,Douala,New Zealand,Beaches,47,4.191489361702128,0.7452576549663927
Uluwatu Temple,Douala,United Arab Emirates,Religious Sites,47,4.191489361702128,0.7452576549663927
Sacred Monkey Forest Sanctuary,Douala,Belgium,Nature & Wildlife Areas,92,4.021739130434782,0.744958924570575
Sacred Monkey Forest Sanctuary,Douala,Czech Republic,Nature & Wildlife Areas,37,4.243243243243243,0.7432412247946227
Sewu Temple,N'Djamena,United States,Ancient Ruins,65,4.107692307692307,0.7428678117998506
Uluwatu Temple,Douala,Japan,Religious Sites,22,4.363636363636363,0.7416728902165796
Tegalalang Rice Terrace,Douala,Switzerland,Points of Interest & Landmarks,49,4.163265306122449,0.7408513816280806
Ramayana Ballet at Prambanan,N'Djamena,Georgia,Ballets,19,4.421052631578948,0.7404032860343539
Sacred Monkey Forest Sanctuary,Douala,South Korea,Nature & Wildlife Areas,42,4.190476190476191,0.7385362210604929
Tanah Lot Temple,Douala,China,Religious Sites,53,4.132075471698113,0.738386855862584
Sacred Monkey Forest Sanctuary,Douala,Slovenia,Nature & Wildlife Areas,18,4.444444444444445,0.7372666168782673
Nusa Dua Beach,Douala,Malaysia,Beaches,60,4.1,0.7369678864824496
Jomblang Cave,N'Djamena,Poland,Caverns & Caves,14,4.571428571428571,0.7365944734876774
Tanah Lot Temple,Douala,Turkey,Religious Sites,14,4.571428571428571,0.7365944734876774
Sanur Beach,Douala,India,Beaches,77,4.025974025974026,0.7365197908887229
Uluwatu Temple,Douala,New Zealand,Religious Sites,71,4.042253521126761,0.7354742345033607
Sacred Monkey Forest Sanctuary,Douala,Croatia,Nature & Wildlife Areas,13,4.615384615384615,0.7353995519044063
Tegalalang Rice Terrace,Douala,Greece,Points of Interest & Landmarks,17,4.470588235294118,0.7321882001493651
Sewu Temple,N'Djamena,Indonesia,Ancient Ruins,40,4.175,0.7318894697535473
Tegalalang Rice Terrace,Douala,Turkey,Points of Interest & Landmarks,27,4.2592592592592595,0.7309185959671396
Sacred Monkey Forest Sanctuary,Douala,Finland,Nature & Wildlife Areas,66,4.03030303030303,0.7306198655713219
Tegalalang Rice Terrace,Douala,Poland,Points of Interest & Landmarks,30,4.233333333333333,0.729648991784914
Goa Cina Beach,South Region,Indonesia,Beaches,46,4.130434782608695,0.7291262135922331
Tegalalang Rice Terrace,Douala,Japan,Points of Interest & Landmarks,34,4.205882352941177,0.729126213592233
Waterbom Bali,Douala,Thailand,Water Parks,25,4.28,0.7282300224047796
Uluwatu Temple,Douala,Spain,Religious Sites,17,4.411764705882353,0.7265123226288275
Mount Semeru Volcano,South Region,Singapore,Volcanos,7,5.0,0.7259148618371919
Tegalalang Rice Terrace,Douala,Serbia,Points of Interest & Landmarks,7,5.0,0.7259148618371919
Tegalalang Rice Terrace,Douala,Bulgaria,Points of Interest & Landmarks,13,4.538461538461538,0.7241971620612397
Tegalalang Rice Terrace,Douala,Portugal,Points of Interest & Landmarks,28,4.214285714285714,0.7233756534727409
Uluwatu Temple,Douala,Vietnam,Religious Sites,12,4.583333333333333,0.7227035100821508
Uluwatu Temple,Douala,Finland,Religious Sites,12,4.583333333333333,0.7227035100821508
Ratu Boko Temple,N'Djamena,Singapore,Ancient Ruins,27,4.222222222222222,0.7222554144884241
Sewu Temple,N'Djamena,Singapore,Ancient Ruins,57,4.017543859649122,0.7218073188946975
Tanah Lot Temple,Douala,Thailand,Religious Sites,37,4.162162162162162,0.721732636295743
Sacred Monkey Forest Sanctuary,Douala,Serbia,Nature & Wildlife Areas,10,4.7,0.7205377147124721
Uluwatu Temple,Douala,Norway,Religious Sites,10,4.7,0.7205377147124721
Waterbom Bali,Douala,Austria,Water Parks,10,4.7,0.7205377147124721
Sacred Monkey Forest Sanctuary,Douala,Egypt,Nature & Wildlife Areas,40,4.125,0.7205377147124719
Sanur Beach,Douala,South Africa,Beaches,36,4.166666666666667,0.7203136669156086
Jomblang Cave,N'Djamena,Singapore,Caverns & Caves,21,4.285714285714286,0.7199402539208364
Sacred Monkey Forest Sanctuary,Douala,Israel,Nature & Wildlife Areas,11,4.636363636363637,0.7194921583271098
Waterbom Bali,Douala,Poland,Water Parks,9,4.777777777777778,0.7194174757281553
Tegalalang Rice Terrace,Douala,Estonia,Points of Interest & Landmarks,9,4.777777777777778,0.7194174757281553
Tegenungan Waterfall,Douala,United Kingdom,Waterfalls,389,3.943444730077121,0.7185212845407021
Waterbom Bali,Douala,Vietnam,Water Parks,20,4.3,0.718521284540702
Tegenungan Waterfall,Douala,Australia,Waterfalls,495,3.9171717171717173,0.7178491411501121
Sanur Beach,Douala,United Kingdom,Beaches,424,3.919811320754717,0.7166542195668408
Sacred Monkey Forest Sanctuary,Douala,Singapore,Nature & Wildlife Areas,324,3.9290123456790123,0.713965646004481
Sewu Temple,N'Djamena,Georgia,Ancient Ruins,27,4.185185185185185,0.7129947722180732
Sanur Beach,Douala,New Zealand,Beaches,88,4.0,0.7125466766243465
Tegenungan Waterfall,Douala,Egypt,Waterfalls,15,4.4,0.7120238984316654
Uluwatu Temple,Douala,Romania,Religious Sites,15,4.4,0.7120238984316654
Tanah Lot Temple,Douala,Philippines,Religious Sites,41,4.073170731707317,0.7115758028379388
Sacred Monkey Forest Sanctuary,Douala,Taiwan,Nature & Wildlife Areas,21,4.238095238095238,0.7115758028379386
Tegalalang Rice Terrace,Douala,Singapore,Points of Interest & Landmarks,298,3.9295302013422817,0.711127707244212
Bromo Tengger Semeru National Park,South Region,Thailand,National Parks,8,4.875,0.7103061986557133
Kuta Beach - Bali,Douala,India,Beaches,275,3.930909090909091,0.7091859596713965
Nusa Dua Beach,Douala,Cyprus,Beaches,14,4.428571428571429,0.7085138162808065
Ramayana Ballet at Prambanan,N'Djamena,Poland,Ballets,11,4.545454545454546,0.7070948469006721
Sacred Monkey Forest Sanctuary,Douala,Costa Rica,Nature & Wildlife Areas,11,4.545454545454546,0.7070948469006721
Waterbom Bali,Douala,Belgium,Water Parks,11,4.545454545454546,0.7070948469006721
Nusa Dua Beach,Douala,South Africa,Beaches,34,4.117647058823529,0.7068707991038088
Tanah Lot Temple,Douala,Germany,Religious Sites,40,4.05,0.7061986557132187
Kalibiru National Park,N'Djamena,Indonesia,National Parks,37,4.081081081081081,0.705899925317401
Merapi Volcano,N'Djamena,Malaysia,Volcanos,203,3.9704433497536944,0.7051530993278565
Uluwatu Temple,Douala,Greece,Religious Sites,10,4.6,0.7050037341299478
Tegalalang Rice Terrace,Douala,Slovakia,Points of Interest & Landmarks,10,4.6,0.7050037341299478
Waterbom Bali,Douala,Sweden,Water Parks,18,4.277777777777778,0.7048543689320388
Nusa Dua Beach,Douala,Czech Republic,Beaches,6,5.0,0.7044062733383122
Waterbom Bali,Douala,Malta,Water Parks,6,5.0,0.7044062733383122
Sacred Monkey Forest Sanctuary,Douala,Ukraine,Nature & Wildlife Areas,9,4.666666666666667,0.70403286034354
Uluwatu Temple,Douala,Russia,Religious Sites,9,4.666666666666667,0.70403286034354
Sewu Temple,N'Djamena,Australia,Ancient Ruins,13,4.461538461538462,0.7031366691560866
Sacred Monkey Forest Sanctuary,Douala,Lebanon,Nature & Wildlife Areas,13,4.461538461538462,0.7031366691560866
Sacred Monkey Forest Sanctuary,Douala,Jordan,Nature & Wildlife Areas,17,4.294117647058823,0.6996265870052278
Tegenungan Waterfall,Douala,United States,Waterfalls,233,3.871244635193133,0.6996265870052277
Tegalalang Rice Terrace,Douala,Malaysia,Points of Interest & Landmarks,170,3.9411764705882355,0.6987303958177744
Sacred Monkey Forest Sanctuary,Douala,Oman,Nature & Wildlife Areas,15,4.333333333333333,0.69798356982823
Sanur Beach,Douala,China,Beaches,28,4.107142857142857,0.6975354742345033
Waterbom Bali,Douala,Qatar,Water Parks,14,4.357142857142857,0.69731142643764
Tegalalang Rice Terrace,Douala,New Zealand,Points of Interest & Landmarks,139,3.964028776978417,0.6960418222554146
Malioboro Road,N'Djamena,United States,Flea & Street Markets,256,3.81640625,0.6951456310679611
Uluwatu Temple,Douala,Italy,Religious Sites,32,4.0625,0.6949215832710978
Seminyak Beach,Douala,Australia,Beaches,946,3.692389006342495,0.6943988050784167
Seminyak Beach,Douala,Singapore,Beaches,147,3.931972789115646,0.6942494398805079
Uluwatu Temple,Douala,France,Religious Sites,18,4.222222222222222,0.6938013442867812
Seminyak Beach,Douala,United Kingdom,Beaches,433,3.741339491916859,0.6938013442867812
Kuta Beach - Bali,Douala,Indonesia,Beaches,274,3.7992700729927007,0.6935026138909633
Uluwatu Temple,Douala,Sri Lanka,Religious Sites,7,4.857142857142857,0.6930545182972367
Ullen Sentalu Museum,N'Djamena,Australia,History Museums,13,4.384615384615385,0.6920836445108289
Sacred Monkey Forest Sanctuary,Douala,Bangladesh,Nature & Wildlife Areas,13,4.384615384615385,0.6920836445108289
Water Castle (Tamansari),N'Djamena,Indonesia,Points of Interest & Landmarks,56,4.0,0.6919342793129201
Uluwatu Temple,Douala,Saudi Arabia,Religious Sites,12,4.416666666666667,0.690739357729649
Sanur Beach,Douala,United States,Beaches,227,3.801762114537445,0.6906646751306945
Tegalalang Rice Terrace,Douala,Ireland,Points of Interest & Landmarks,24,4.125,0.6905153099327856
Sacred Monkey Forest Sanctuary,Douala,Malaysia,Nature & Wildlife Areas,134,3.917910447761194,0.6894697535474235
Tegenungan Waterfall,Douala,Thailand,Waterfalls,17,4.235294117647059,0.6891710231516057
Tanah Lot Temple,Douala,Sweden,Religious Sites,17,4.235294117647059,0.6891710231516057
Sanur Beach,Douala,Japan,Beaches,17,4.235294117647059,0.6891710231516057
Ramayana Ballet at Prambanan,N'Djamena,United States,Ballets,110,3.9363636363636365,0.6872292755787901
Sacred Monkey Forest Sanctuary,Douala,Argentina,Nature & Wildlife Areas,9,4.555555555555555,0.6871545929798357
Uluwatu Temple,Douala,Turkey,Religious Sites,9,4.555555555555555,0.6871545929798357
Tegalalang Rice Terrace,Douala,Georgia,Points of Interest & Landmarks,16,4.25,0.6870799103808812
Tanah Lot Temple,Douala,New Zealand,Religious Sites,90,3.988888888888889,0.6864824495892458
Malioboro Road,N'Djamena,United Kingdom,Flea & Street Markets,143,3.86013986013986,0.6853622106049291
Tegalalang Rice Terrace,Douala,Czech Republic,Points of Interest & Landmarks,20,4.15,0.6852128454070201
Tegalalang Rice Terrace,Douala,Brazil,Points of Interest & Landmarks,20,4.15,0.6852128454070201
Jomblang Cave,N'Djamena,United Kingdom,Caverns & Caves,10,4.5,0.684839432412248
Waterbom Bali,Douala,Denmark,Water Parks,15,4.266666666666667,0.6845407020164301
Jomblang Cave,N'Djamena,Georgia,Caverns & Caves,8,4.625,0.6841672890216579
Waterbom Bali,Douala,Kuwait,Water Parks,8,4.625,0.6841672890216579
Nusa Dua Beach,Douala,Sri Lanka,Beaches,8,4.625,0.6841672890216579
Merapi Volcano,N'Djamena,Saudi Arabia,Volcanos,8,4.625,0.6841672890216579
Tegenungan Waterfall,Douala,Germany,Waterfalls,27,4.037037037037037,0.6831217326362957
Tegenungan Waterfall,Douala,Singapore,Waterfalls,86,3.9651162790697674,0.6820014936519792
Uluwatu Temple,Douala,Estonia,Religious Sites,7,4.714285714285714,0.682001493651979
Tanah Lot Temple,Douala,Slovenia,Religious Sites,7,4.714285714285714,0.682001493651979
Nusa Dua Beach,Douala,Taiwan,Beaches,7,4.714285714285714,0.682001493651979
Sacred Monkey Forest Sanctuary,Douala,Luxembourg,Nature & Wildlife Areas,7,4.714285714285714,0.682001493651979
Sacred Monkey Forest Sanctuary,Douala,Maldives,Nature & Wildlife Areas,7,4.714285714285714,0.682001493651979
Tanah Lot Temple,Douala,Canada,Religious Sites,85,3.988235294117647,0.6819268110530246
Sacred Monkey Forest Sanctuary,Douala,East Timor,Nature & Wildlife Areas,5,5.0,0.6817774458551158
Bromo Tengger Semeru National Park,South Region,United States,National Parks,5,5.0,0.6817774458551158
Tegalalang Rice Terrace,Douala,Ukraine,Points of Interest & Landmarks,5,5.0,0.6817774458551158
Yogyakarta Palace,N'Djamena,Nepal,Historic Sites,5,5.0,0.6817774458551158
Sewu Temple,N'Djamena,Poland,Ancient Ruins,26,4.038461538461538,0.6802837938760269
Sanur Beach,Douala,Canada,Beaches,90,3.9,0.6784167289021659
Tegalalang Rice Terrace,Douala,Mexico,Points of Interest & Landmarks,21,4.095238095238095,0.677968633308439
Merapi Volcano,N'Djamena,Germany,Volcanos,21,4.095238095238095,0.677968633308439
Malioboro Road,N'Djamena,Singapore,Flea & Street Markets,143,3.797202797202797,0.6772964899178491
Sacred Monkey Forest Sanctuary,Douala,Malta,Nature & Wildlife Areas,17,4.176470588235294,0.6752800597460792
Tanah Lot Temple,Douala,Poland,Religious Sites,17,4.176470588235294,0.6752800597460792
Water Castle (Tamansari),N'Djamena,United States,Points of Interest & Landmarks,97,3.845360824742268,0.6752053771471247
Seminyak Beach,Douala,United States,Beaches,229,3.6986899563318776,0.6748319641523525
Tegalalang Rice Terrace,Douala,Hungary,Points of Interest & Landmarks,12,4.333333333333333,0.6731142643764003
Tegalalang Rice Terrace,Douala,Finland,Points of Interest & Landmarks,23,4.043478260869565,0.6723674383868559
Tanah Lot Temple,Douala,Saudi Arabia,Religious Sites,11,4.363636363636363,0.6719940253920836
Ratu Boko Temple,N'Djamena,United Kingdom,Ancient Ruins,11,4.363636363636363,0.6719940253920836
Kuta Beach - Bali,Douala,Saudi Arabia,Beaches,11,4.363636363636363,0.6719940253920836
Waterbom Bali,Douala,Brunei Darussalam,Water Parks,11,4.363636363636363,0.6719940253920836
Malioboro Road,N'Djamena,Poland,Flea & Street Markets,88,3.852272727272727,0.6711725168035847
Waterbom Bali,Douala,Turkey,Water Parks,6,4.833333333333333,0.6705003734129948
Khayangan Reflexology & Massage,South Region,Singapore,Spas,6,4.833333333333333,0.6705003734129948
Waterbom Bali,Douala,Brazil,Water Parks,6,4.833333333333333,0.6705003734129948
Waterbom Bali,Douala,Estonia,Water Parks,6,4.833333333333333,0.6705003734129948
Waterbom Bali,Douala,Nepal,Water Parks,6,4.833333333333333,0.6705003734129948
Kalibiru National Park,N'Djamena,United States,National Parks,37,4.0,0.6684092606422702
Seminyak Beach,Douala,New Zealand,Beaches,113,3.7610619469026547,0.6673637042569082
Sacred Monkey Forest Sanctuary,Douala,Iran,Nature & Wildlife Areas,10,4.4,0.6667662434652726
Uluwatu Temple,Douala,Egypt,Religious Sites,10,4.4,0.6667662434652726
Khayangan Reflexology & Massage,South Region,Indonesia,Spas,14,4.214285714285714,0.6648991784914114
Coban Rondo Waterfall,South Region,Indonesia,Waterfalls,35,4.0,0.6632561613144137
Nusa Dua Beach,Douala,Spain,Beaches,9,4.444444444444445,0.6626587005227782
Waterbom Bali,Douala,Norway,Water Parks,9,4.444444444444445,0.6626587005227782
Tegalalang Rice Terrace,Douala,Saudi Arabia,Points of Interest & Landmarks,9,4.444444444444445,0.6626587005227782
Kuta Beach - Bali,Douala,Australia,Beaches,709,3.4330042313117066,0.6625840179238237
Sewu Temple,N'Djamena,Malaysia,Ancient Ruins,19,4.052631578947368,0.6621359223300971
Yogyakarta Palace,N'Djamena,United States,Historic Sites,187,3.641711229946524,0.6611650485436893
Seminyak Beach,Douala,Canada,Beaches,72,3.8333333333333335,0.6609410007468259
Tanah Lot Temple,Douala,Czech Republic,Religious Sites,17,4.117647058823529,0.6609410007468259
Tanah Lot Temple,Douala,Japan,Religious Sites,17,4.117647058823529,0.6609410007468259
Tegenungan Waterfall,Douala,Turkey,Waterfalls,8,4.5,0.6608663181478716
Sacred Monkey Forest Sanctuary,Douala,Mariana Islands,Nature & Wildlife Areas,8,4.5,0.6608663181478716
Ratu Boko Temple,N'Djamena,United States,Ancient Ruins,53,3.9622641509433962,0.6601194921583271
Tegalalang Rice Terrace,Douala,Qatar,Points of Interest & Landmarks,13,4.230769230769231,0.6596713965646004
Yogyakarta Palace,N'Djamena,Indonesia,Historic Sites,128,3.6953125,0.6592979835698283
Tanah Lot Temple,Douala,Georgia,Religious Sites,7,4.571428571428571,0.6592979835698283
Uluwatu Temple,Douala,Mexico,Religious Sites,7,4.571428571428571,0.6592979835698283
Seminyak Beach,Douala,Saudi Arabia,Beaches,7,4.571428571428571,0.6592979835698283
Ramayana Ballet at Prambanan,N'Djamena,Australia,Ballets,7,4.571428571428571,0.6592979835698283
Sanur Beach,Douala,South Korea,Beaches,7,4.571428571428571,0.6592979835698283
Sanur Beach,Douala,Singapore,Beaches,78,3.7948717948717947,0.6588498879761016
Tanah Lot Temple,Douala,Netherlands,Religious Sites,56,3.9285714285714284,0.6572815533980583
Sacred Monkey Forest Sanctuary,Douala,Colombia,Nature & Wildlife Areas,4,5.0,0.6571321882001493
Khayangan Reflexology & Massage,South Region,Netherlands,Spas,4,5.0,0.6571321882001493
Waterbom Bali,Douala,Latvia,Water Parks,4,5.0,0.6571321882001493
Tanah Lot Temple,Douala,Lithuania,Religious Sites,4,5.0,0.6571321882001493
Sacred Monkey Forest Sanctuary,Douala,Panama,Nature & Wildlife Areas,4,5.0,0.6571321882001493
Sacred Monkey Forest Sanctuary,Douala,Trinidad and Tobago,Nature & Wildlife Areas,4,5.0,0.6571321882001493
Sacred Monkey Forest Sanctuary,Douala,Republic of North Macedonia,Nature & Wildlife Areas,4,5.0,0.6571321882001493
Sanur Beach,Douala,Belgium,Beaches,18,4.055555555555555,0.6570575056011949
Sanur Beach,Douala,Finland,Beaches,15,4.133333333333334,0.6539208364451082
Nusa Dua Beach,Douala,Romania,Beaches,15,4.133333333333334,0.6539208364451082
Waterbom Bali,Douala,Mexico,Water Parks,6,4.666666666666667,0.6522778192681106
Tanah Lot Temple,Douala,Sri Lanka,Religious Sites,6,4.666666666666667,0.6522778192681106
Sanur Beach,Douala,Taiwan,Beaches,6,4.666666666666667,0.6522778192681106
Waterbom Bali,Douala,Pakistan,Water Parks,6,4.666666666666667,0.6522778192681106
Water Castle (Tamansari),N'Djamena,Singapore,Points of Interest & Landmarks,67,3.791044776119403,0.6521284540702017
Seminyak Beach,Douala,Malaysia,Beaches,67,3.791044776119403,0.6521284540702017
Jomblang Cave,N'Djamena,Malaysia,Caverns & Caves,11,4.2727272727272725,0.6506348020911128
Tanah Lot Temple,Douala,Egypt,Religious Sites,11,4.2727272727272725,0.6506348020911128
Uluwatu Temple,Douala,Thailand,Religious Sites,47,3.9361702127659575,0.6504107542942494
Tanah Lot Temple,Douala,South Africa,Religious Sites,49,3.8979591836734695,0.650336071695295
Tegalalang Rice Terrace,Douala,Belgium,Points of Interest & Landmarks,46,3.9565217391304346,0.6502613890963406
Tegalalang Rice Terrace,Douala,Thailand,Points of Interest & Landmarks,76,3.75,0.6501867064973862
Merapi Volcano,N'Djamena,Netherlands,Volcanos,17,4.0588235294117645,0.6498879761015683
Jodipan Colorful Village,South Region,Indonesia,Neighborhoods,17,4.0588235294117645,0.6498879761015683
Malioboro Road,N'Djamena,Australia,Flea & Street Markets,48,3.8958333333333335,0.6481702763256161
Tegalalang Rice Terrace,Douala,Philippines,Points of Interest & Landmarks,63,3.7777777777777777,0.6472740851381628
Tegalalang Rice Terrace,Douala,Bangladesh,Points of Interest & Landmarks,14,4.142857142857143,0.6465272591486183
Tegalalang Rice Terrace,Douala,Oman,Points of Interest & Landmarks,5,4.8,0.6460791635548917
Tegalalang Rice Terrace,Douala,Iran,Points of Interest & Landmarks,5,4.8,0.6460791635548917
Uluwatu Temple,Douala,Iran,Religious Sites,5,4.8,0.6460791635548917
Tanah Lot Temple,Douala,Mariana Islands,Religious Sites,5,4.8,0.6460791635548917
Sacred Monkey Forest Sanctuary,Douala,Sri Lanka,Nature & Wildlife Areas,16,4.0625,0.6449589245705751
Waterbom Bali,Douala,South Korea,Water Parks,10,4.3,0.6443614637789395
Sacred Monkey Forest Sanctuary,Douala,Kuwait,Nature & Wildlife Areas,10,4.3,0.6443614637789395
Merapi Volcano,N'Djamena,Australia,Volcanos,47,3.872340425531915,0.6441374159820762
Tegenungan Waterfall,Douala,Canada,Waterfalls,70,3.7285714285714286,0.6440627333831217
Merapi Volcano,N'Djamena,Switzerland,Volcanos,9,4.333333333333333,0.6421956684092607
Seminyak Beach,Douala,South Korea,Beaches,9,4.333333333333333,0.6421956684092607
Uluwatu Temple,Douala,Qatar,Religious Sites,9,4.333333333333333,0.6421956684092607
Tegalalang Rice Terrace,Douala,Sri Lanka,Points of Interest & Landmarks,13,4.153846153846154,0.6405526512322628
Waterbom Bali,Douala,Russia,Water Parks,13,4.153846153846154,0.6405526512322628
Tanah Lot Temple,Douala,Greece,Religious Sites,13,4.153846153846154,0.6405526512322628
Tegalalang Rice Terrace,Douala,Vietnam,Points of Interest & Landmarks,15,4.066666666666666,0.6401792382374907
Tanah Lot Temple,Douala,Vietnam,Religious Sites,15,4.066666666666666,0.6401792382374907
Water Castle (Tamansari),N'Djamena,United Kingdom,Points of Interest & Landmarks,57,3.754385964912281,0.6399551904406273
Tegalalang Rice Terrace,Douala,Spain,Points of Interest & Landmarks,48,3.8125,0.6393577296489917
Kuta Beach - Bali,Douala,United Kingdom,Beaches,311,3.260450160771704,0.6392830470500372
Yogyakarta Palace,N'Djamena,Singapore,Historic Sites,103,3.5145631067961167,0.639058999253174
Nusa Dua Beach,Douala,Croatia,Beaches,8,4.375,0.6387602688573563
Nusa Dua Beach,Douala,Brazil,Beaches,8,4.375,0.6387602688573563
Sanur Beach,Douala,Netherlands,Beaches,80,3.65,0.6387602688573562
Tegalalang Rice Terrace,Douala,Sweden,Points of Interest & Landmarks,43,3.86046511627907,0.6374906646751307
Tegalalang Rice Terrace,Douala,Slovenia,Points of Interest & Landmarks,12,4.166666666666667,0.6356235997012696
Yogyakarta Palace,N'Djamena,United Kingdom,Historic Sites,84,3.5476190476190474,0.6322628827483197
Uluwatu Temple,Douala,Switzerland,Religious Sites,14,4.071428571428571,0.6321882001493652
Sacred Monkey Forest Sanctuary,Douala,Mauritius,Nature & Wildlife Areas,7,4.428571428571429,0.6312173263629574
Nusa Dua Beach,Douala,Bangladesh,Beaches,7,4.428571428571429,0.6312173263629574
Tegalalang Rice Terrace,Douala,Kuwait,Points of Interest & Landmarks,7,4.428571428571429,0.6312173263629574
Tegenungan Waterfall,Douala,United Arab Emirates,Waterfalls,38,3.8684210526315788,0.6309932785660941
Sanur Beach,Douala,Malaysia,Beaches,37,3.891891891891892,0.630321135175504
Malioboro Road,N'Djamena,China,Flea & Street Markets,46,3.782608695652174,0.6302464525765497
Nusa Dua Beach,Douala,France,Beaches,11,4.181818181818182,0.6301717699775952
Ramayana Ballet at Prambanan,N'Djamena,Canada,Ballets,11,4.181818181818182,0.6301717699775952
Seminyak Beach,Douala,Netherlands,Beaches,37,3.864864864864865,0.6279312920089618
Tegenungan Waterfall,Douala,Romania,Waterfalls,13,4.076923076923077,0.6248693054518297
Ramayana Ballet at Prambanan,N'Djamena,Malaysia,Ballets,13,4.076923076923077,0.6248693054518297
Nusa Dua Beach,Douala,Saudi Arabia,Beaches,10,4.2,0.6247946228528753
Uluwatu Temple,Douala,Portugal,Religious Sites,10,4.2,0.6247946228528753
Kuta Beach - Bali,Douala,South Africa,Beaches,62,3.6129032258064515,0.6244958924570574
Tegalalang Rice Terrace,Douala,Denmark,Points of Interest & Landmarks,48,3.7083333333333335,0.6233756534727408
Waterbom Bali,Douala,Lebanon,Water Parks,6,4.5,0.622554144884242
Mount Semeru Volcano,South Region,Malaysia,Volcanos,6,4.5,0.622554144884242
Water Castle (Tamansari),N'Djamena,Australia,Points of Interest & Landmarks,6,4.5,0.622554144884242
Tegenungan Waterfall,Douala,Sri Lanka,Waterfalls,6,4.5,0.622554144884242
Tanah Lot Temple,Douala,Qatar,Religious Sites,6,4.5,0.622554144884242
Seminyak Beach,Douala,China,Beaches,39,3.769230769230769,0.6202389843166541
Sanur Beach,Douala,Hungary,Beaches,5,4.6,0.6200896191187453
Tanah Lot Temple,Douala,Hungary,Religious Sites,5,4.6,0.6200896191187453
Nusa Dua Beach,Douala,Iran,Beaches,5,4.6,0.6200896191187453
Uluwatu Temple,Douala,Brunei Darussalam,Religious Sites,5,4.6,0.6200896191187453
Tegalalang Rice Terrace,Douala,Malta,Points of Interest & Landmarks,5,4.6,0.6200896191187453
Seminyak Beach,Douala,Oman,Beaches,3,5.0,0.6199402539208365
Waterbom Bali,Douala,Hong Kong,Water Parks,3,5.0,0.6199402539208365
Jodipan Colorful Village,South Region,United Kingdom,Neighborhoods,3,5.0,0.6199402539208365
Tegalalang Rice Terrace,Douala,Republic of North Macedonia,Points of Interest & Landmarks,3,5.0,0.6199402539208365
Waterbom Bali,Douala,Hungary,Water Parks,3,5.0,0.6199402539208365
Tanah Lot Temple,Douala,Argentina,Religious Sites,3,5.0,0.6199402539208365
Nusa Dua Beach,Douala,Malta,Beaches,3,5.0,0.6199402539208365
Tegenungan Waterfall,Douala,Serbia,Waterfalls,3,5.0,0.6199402539208365
Tanah Lot Temple,Douala,Jordan,Religious Sites,3,5.0,0.6199402539208365
Tanah Lot Temple,Douala,Maldives,Religious Sites,3,5.0,0.6199402539208365
Bromo Tengger Semeru National Park,South Region,Japan,National Parks,3,5.0,0.6199402539208365
Seminyak Beach,Douala,Belgium,Beaches,9,4.222222222222222,0.619193427931292
Nusa Dua Beach,Douala,United Arab Emirates,Beaches,29,3.896551724137931,0.6188946975354742
Tegenungan Waterfall,Douala,Ireland,Waterfalls,12,4.083333333333333,0.6182972367438386
Tanah Lot Temple,Douala,Ireland,Religious Sites,12,4.083333333333333,0.6182972367438386
Kuta Beach - Bali,Douala,Singapore,Beaches,133,3.2857142857142856,0.6181478715459298
Tegenungan Waterfall,Douala,New Zealand,Waterfalls,53,3.6226415094339623,0.6174010455563854
Bromo Tengger Semeru National Park,South Region,Canada,National Parks,4,4.75,0.6172516803584764
Tanah Lot Temple,Douala,Brunei Darussalam,Religious Sites,4,4.75,0.6172516803584764
Tanah Lot Temple,Douala,Iran,Religious Sites,4,4.75,0.6172516803584764
Nusa Dua Beach,Douala,Austria,Beaches,4,4.75,0.6172516803584764
Waterbom Bali,Douala,Bahrain,Water Parks,4,4.75,0.6172516803584764
Tegalalang Rice Terrace,Douala,Chile,Points of Interest & Landmarks,4,4.75,0.6172516803584764
Uluwatu Temple,Douala,Lebanon,Religious Sites,4,4.75,0.6172516803584764
Bromo Tengger Semeru National Park,South Region,Belgium,National Parks,4,4.75,0.6172516803584764
Seminyak Beach,Douala,Taiwan,Beaches,4,4.75,0.6172516803584764
Nusa Dua Beach,Douala,Kuwait,Beaches,4,4.75,0.6172516803584764
Sanur Beach,Douala,Saudi Arabia,Beaches,4,4.75,0.6172516803584764
Kuta Beach - Bali,Douala,Nepal,Beaches,4,4.75,0.6172516803584764
Uluwatu Temple,Douala,Croatia,Religious Sites,4,4.75,0.6172516803584764
Tegenungan Waterfall,Douala,Mexico,Waterfalls,4,4.75,0.6172516803584764
Tanah Lot Temple,Douala,France,Religious Sites,28,3.892857142857143,0.6171769977595221
Seminyak Beach,Douala,United Arab Emirates,Beaches,32,3.8125,0.6142643764002987
Kuta Beach - Bali,Douala,United Arab Emirates,Beaches,36,3.7777777777777777,0.6136669156086632
Kuta Beach - Bali,Douala,United States,Beaches,168,3.011904761904762,0.6134428678117999
Tanah Lot Temple,Douala,Belgium,Religious Sites,24,3.9583333333333335,0.613293502613891
Sewu Temple,N'Djamena,Belgium,Ancient Ruins,24,3.9583333333333335,0.613293502613891
Nusa Dua Beach,Douala,Ireland,Beaches,8,4.25,0.6124719940253921
Tegalalang Rice Terrace,Douala,Lithuania,Points of Interest & Landmarks,8,4.25,0.6124719940253921
Uluwatu Temple,Douala,Germany,Religious Sites,30,3.8,0.6103061986557132
Tegalalang Rice Terrace,Douala,Austria,Points of Interest & Landmarks,11,4.090909090909091,0.609260642270351
Tegenungan Waterfall,Douala,Poland,Waterfalls,11,4.090909090909091,0.609260642270351
Sacred Monkey Forest Sanctuary,Douala,Latvia,Nature & Wildlife Areas,11,4.090909090909091,0.609260642270351
Kuta Beach - Bali,Douala,Malaysia,Beaches,88,3.3295454545454546,0.6084391336818521
Uluwatu Temple,Douala,Netherlands,Religious Sites,43,3.6511627906976742,0.607916355489171
Balekambang Beach,South Region,Indonesia,Beaches,26,3.8461538461538463,0.6075429424943988
Malioboro Road,N'Djamena,Georgia,Flea & Street Markets,70,3.4,0.6061239731142644
Tegenungan Waterfall,Douala,South Africa,Waterfalls,41,3.658536585365854,0.6055265123226289
Tegenungan Waterfall,Douala,China,Waterfalls,32,3.75,0.6047050037341299
Malang City Square,South Region,Indonesia,Points of Interest & Landmarks,39,3.6666666666666665,0.604555638536221
Nusa Dua Beach,Douala,South Korea,Beaches,10,4.1,0.6011949215832711
Tegenungan Waterfall,Douala,Greece,Waterfalls,10,4.1,0.6011949215832711
Nusa Dua Beach,Douala,Netherlands,Beaches,10,4.1,0.6011949215832711
Sacred Monkey Forest Sanctuary,Douala,Pakistan,Nature & Wildlife Areas,7,4.285714285714286,0.601194921583271
Jodipan Colorful Village,South Region,Australia,Neighborhoods,7,4.285714285714286,0.601194921583271
Uluwatu Temple,Douala,South Africa,Religious Sites,32,3.71875,0.6003734129947722
Museum Malang Tempo Doeloe,South Region,Indonesia,Speciality Museums,19,3.9473684210526314,0.5982076176250933
Kuta Beach - Bali,Douala,New Zealand,Beaches,80,3.1625,0.597834204630321
Seminyak Beach,Douala,South Africa,Beaches,41,3.5365853658536586,0.5968633308439134
Water Castle (Tamansari),N'Djamena,Poland,Points of Interest & Landmarks,36,3.638888888888889,0.5932038834951456
Seminyak Beach,Douala,Norway,Beaches,9,4.111111111111111,0.5927557879014189
Tegenungan Waterfall,Douala,Netherlands,Waterfalls,39,3.5128205128205128,0.59260642270351
Nusa Dua Beach,Douala,Philippines,Beaches,18,3.9444444444444446,0.5923823749066467
Uluwatu Temple,Douala,Belgium,Religious Sites,18,3.9444444444444446,0.5923823749066467
Yogyakarta Palace,N'Djamena,Poland,Historic Sites,62,3.2903225806451615,0.5922330097087378
Nusa Dua Beach,Douala,Japan,Beaches,6,4.333333333333333,0.5904406273338312
Tanah Lot Temple,Douala,Brazil,Religious Sites,6,4.333333333333333,0.5904406273338312
Tanah Lot Temple,Douala,Mexico,Religious Sites,6,4.333333333333333,0.5904406273338312
Tanah Lot Temple,Douala,Taiwan,Religious Sites,6,4.333333333333333,0.5904406273338312
Kuta Beach - Bali,Douala,Bangladesh,Beaches,24,3.75,0.5879014189693802
Kuta Beach - Bali,Douala,Canada,Beaches,67,3.044776119402985,0.5859596713965646
Seminyak Beach,Douala,Philippines,Beaches,26,3.6923076923076925,0.5849887976101569
Uluwatu Temple,Douala,Ireland,Religious Sites,8,4.125,0.5827483196415235
Tegalalang Rice Terrace,Douala,Brunei Darussalam,Points of Interest & Landmarks,8,4.125,0.5827483196415235
Seminyak Beach,Douala,Qatar,Beaches,8,4.125,0.5827483196415235
Nusa Dua Beach,Douala,Bulgaria,Beaches,8,4.125,0.5827483196415235
Tanah Lot Temple,Douala,Portugal,Religious Sites,8,4.125,0.5827483196415235
Nusa Dua Beach,Douala,Egypt,Beaches,5,4.4,0.5818521284540702
Sewu Temple,N'Djamena,Asia,Ancient Ruins,5,4.4,0.5818521284540702
Waterbom Bali,Douala,Taiwan,Water Parks,5,4.4,0.5818521284540702
Tegenungan Waterfall,Douala,Lebanon,Waterfalls,5,4.4,0.5818521284540702
Sacred Monkey Forest Sanctuary,Douala,Guatemala,Nature & Wildlife Areas,5,4.4,0.5818521284540702
Water Castle (Tamansari),N'Djamena,Malaysia,Points of Interest & Landmarks,24,3.7083333333333335,0.581478715459298
Sanur Beach,Douala,Thailand,Beaches,24,3.7083333333333335,0.581478715459298
Tegenungan Waterfall,Douala,Malaysia,Waterfalls,30,3.566666666666667,0.5805825242718446
Tegenungan Waterfall,Douala,Bangladesh,Waterfalls,12,4.0,0.5803584764749813
Tanah Lot Temple,Douala,South Korea,Religious Sites,12,4.0,0.5803584764749813
Uluwatu Temple,Douala,Sweden,Religious Sites,12,4.0,0.5803584764749813
Seminyak Beach,Douala,Thailand,Beaches,24,3.6666666666666665,0.576101568334578
Yogyakarta Palace,N'Djamena,Slovakia,Historic Sites,4,4.5,0.5752800597460792
Nusa Dua Beach,Douala,Poland,Beaches,4,4.5,0.5752800597460792
Kuta Beach - Bali,Douala,Kuwait,Beaches,4,4.5,0.5752800597460792
Tanah Lot Temple,Douala,Cambodia,Religious Sites,4,4.5,0.5752800597460792
Seminyak Beach,Douala,Bulgaria,Beaches,4,4.5,0.5752800597460792
Yogyakarta Palace,N'Djamena,Malaysia,Historic Sites,44,3.3181818181818183,0.5749813293502615
Sanur Beach,Douala,Philippines,Beaches,19,3.736842105263158,0.5707244212098581
Tegenungan Waterfall,Douala,Brazil,Waterfalls,7,4.142857142857143,0.5692307692307692
Uluwatu Temple,Douala,Hungary,Religious Sites,7,4.142857142857143,0.5692307692307692
Seminyak Beach,Douala,Greece,Beaches,7,4.142857142857143,0.5692307692307692
Tegalalang Rice Terrace,Douala,Luxembourg,Points of Interest & Landmarks,7,4.142857142857143,0.5692307692307692
Waterbom Bali,Douala,Slovakia,Water Parks,3,4.666666666666667,0.5678117998506349
Bromo Tengger Semeru National Park,South Region,China,National Parks,3,4.666666666666667,0.5678117998506349
Seminyak Beach,Douala,Mauritius,Beaches,3,4.666666666666667,0.5678117998506349
Tegalalang Rice Terrace,Douala,Latvia,Points of Interest & Landmarks,3,4.666666666666667,0.5678117998506349
Sacred Monkey Forest Sanctuary,Douala,Papua New Guinea,Nature & Wildlife Areas,3,4.666666666666667,0.5678117998506349
Sacred Monkey Forest Sanctuary,Douala,Peru,Nature & Wildlife Areas,3,4.666666666666667,0.5678117998506349
Tegalalang Rice Terrace,Douala,Bahrain,Points of Interest & Landmarks,3,4.666666666666667,0.5678117998506349
Waterbom Bali,Douala,Slovenia,Water Parks,3,4.666666666666667,0.5678117998506349
Seminyak Beach,Douala,Sri Lanka,Beaches,3,4.666666666666667,0.5678117998506349
Jodipan Colorful Village,South Region,Singapore,Neighborhoods,3,4.666666666666667,0.5678117998506349
Seminyak Beach,Douala,Bangladesh,Beaches,3,4.666666666666667,0.5678117998506349
Sanur Beach,Douala,Mexico,Beaches,3,4.666666666666667,0.5678117998506349
Uluwatu Temple,Douala,Latvia,Religious Sites,3,4.666666666666667,0.5678117998506349
Waterbom Bali,Douala,Asia,Water Parks,3,4.666666666666667,0.5678117998506349
Mount Semeru Volcano,South Region,Netherlands,Volcanos,3,4.666666666666667,0.5678117998506349
Sacred Monkey Forest Sanctuary,Douala,Moldova,Nature & Wildlife Areas,3,4.666666666666667,0.5678117998506349
Waterbom Bali,Douala,Yemen,Water Parks,3,4.666666666666667,0.5678117998506349
Sanur Beach,Douala,Germany,Beaches,24,3.5833333333333335,0.5674383868558626
Seminyak Beach,Douala,Ireland,Beaches,24,3.5833333333333335,0.5674383868558626
Seminyak Beach,Douala,Germany,Beaches,24,3.5416666666666665,0.5656460044809559
Uluwatu Temple,Douala,Denmark,Religious Sites,15,3.8666666666666667,0.5650485436893203
Kuta Beach - Bali,Douala,Japan,Beaches,22,3.590909090909091,0.5645257654966394
Yogyakarta Palace,N'Djamena,Netherlands,Historic Sites,19,3.6842105263157894,0.5643017176997759
Tegenungan Waterfall,Douala,Philippines,Waterfalls,19,3.6842105263157894,0.5643017176997759
Tegenungan Waterfall,Douala,France,Waterfalls,18,3.7222222222222223,0.564152352501867
Ramayana Ballet at Prambanan,N'Djamena,India,Ballets,17,3.764705882352941,0.5638536221060493
Tegalalang Rice Terrace,Douala,South Korea,Points of Interest & Landmarks,17,3.764705882352941,0.5638536221060493
Yogyakarta Palace,N'Djamena,Georgia,Historic Sites,37,3.2972972972972974,0.5634055265123226
Malioboro Road,N'Djamena,Netherlands,Flea & Street Markets,26,3.5,0.5625840179238237
Seminyak Beach,Douala,Switzerland,Beaches,14,3.9285714285714284,0.5618371919342793
Bromo Tengger Semeru National Park,South Region,Ireland,National Parks,2,5.0,0.5589992531740104
Bromo Tengger Semeru National Park,South Region,Philippines,National Parks,2,5.0,0.5589992531740104
Bromo Tengger Semeru National Park,South Region,India,National Parks,2,5.0,0.5589992531740104
Uluwatu Temple,Douala,Slovakia,Religious Sites,2,5.0,0.5589992531740104
Sacred Monkey Forest Sanctuary,Douala,Bosnia and Herzegovina,Nature & Wildlife Areas,2,5.0,0.5589992531740104
Nusa Dua Beach,Douala,Vietnam,Beaches,2,5.0,0.5589992531740104
Yogyakarta Palace,N'Djamena,Bulgaria,Historic Sites,2,5.0,0.5589992531740104
Sacred Monkey Forest Sanctuary,Douala,Bahamas,Nature & Wildlife Areas,2,5.0,0.5589992531740104
Tanah Lot Temple,Douala,Ecuador,Religious Sites,2,5.0,0.5589992531740104
Ramayana Ballet at Prambanan,N'Djamena,Spain,Ballets,2,5.0,0.5589992531740104
Merapi Volcano,N'Djamena,Egypt,Volcanos,2,5.0,0.5589992531740104
Tegenungan Waterfall,Douala,Austria,Waterfalls,2,5.0,0.5589992531740104
Ramayana Ballet at Prambanan,N'Djamena,Hong Kong,Ballets,2,5.0,0.5589992531740104
Tanah Lot Temple,Douala,Bosnia and Herzegovina,Religious Sites,2,5.0,0.5589992531740104
Bromo Tengger Semeru National Park,South Region,France,National Parks,2,5.0,0.5589992531740104
Bromo Tengger Semeru National Park,South Region,Hong Kong,National Parks,2,5.0,0.5589992531740104
Merapi Volcano,N'Djamena,South Korea,Volcanos,2,5.0,0.5589992531740104
Tegalalang Rice Terrace,Douala,Tunisia,Points of Interest & Landmarks,2,5.0,0.5589992531740104
Seminyak Beach,Douala,Croatia,Beaches,2,5.0,0.5589992531740104
Waterbom Bali,Douala,Serbia,Water Parks,2,5.0,0.5589992531740104
Waterbom Bali,Douala,Chile,Water Parks,2,5.0,0.5589992531740104
Waterbom Bali,Douala,Kazakhstan,Water Parks,2,5.0,0.5589992531740104
Nusa Dua Beach,Douala,Botswana,Beaches,2,5.0,0.5589992531740104
Waterbom Bali,Douala,New Caledonia,Water Parks,2,5.0,0.5589992531740104
Waterbom Bali,Douala,Mongolia,Water Parks,2,5.0,0.5589992531740104
Coban Rondo Waterfall,South Region,France,Waterfalls,2,5.0,0.5589992531740104
Tegalalang Rice Terrace,Douala,Namibia,Points of Interest & Landmarks,2,5.0,0.5589992531740104
Kalibiru National Park,N'Djamena,Japan,National Parks,2,5.0,0.5589992531740104
Waterbom Bali,Douala,Kenya,Water Parks,2,5.0,0.5589992531740104
Mount Semeru Volcano,South Region,Norway,Volcanos,2,5.0,0.5589992531740104
Waterbom Bali,Douala,Cambodia,Water Parks,2,5.0,0.5589992531740104
Sempu Island,South Region,United Kingdom,Nature & Wildlife Areas,2,5.0,0.5589992531740104
Sacred Monkey Forest Sanctuary,Douala,Marshall Islands,Nature & Wildlife Areas,2,5.0,0.5589992531740104
Water Castle (Tamansari),N'Djamena,China,Points of Interest & Landmarks,2,5.0,0.5589992531740104
Waterbom Bali,Douala,Papua New Guinea,Water Parks,2,5.0,0.5589992531740104
Waterbom Bali,Douala,Portugal,Water Parks,2,5.0,0.5589992531740104
Mount Semeru Volcano,South Region,Brunei Darussalam,Volcanos,2,5.0,0.5589992531740104
Bromo Tengger Semeru National Park,South Region,Vietnam,National Parks,2,5.0,0.5589992531740104
Waterbom Bali,Douala,Oman,Water Parks,2,5.0,0.5589992531740104
Yogyakarta Palace,N'Djamena,Australia,Historic Sites,27,3.4074074074074074,0.5564600448095594
Malioboro Road,N'Djamena,Philippines,Flea & Street Markets,16,3.75,0.5547423450336072
Sacred Monkey Forest Sanctuary,Douala,Bahrain,Nature & Wildlife Areas,6,4.166666666666667,0.5529499626587006
Sewu Temple,N'Djamena,Romania,Ancient Ruins,6,4.166666666666667,0.5529499626587006
Sewu Temple,N'Djamena,Netherlands,Ancient Ruins,6,4.166666666666667,0.5529499626587006
Nusa Dua Beach,Douala,Mexico,Beaches,6,4.166666666666667,0.5529499626587006
Sanur Beach,Douala,Bangladesh,Beaches,6,4.166666666666667,0.5529499626587006
Tegalalang Rice Terrace,Douala,Mauritius,Points of Interest & Landmarks,6,4.166666666666667,0.5529499626587006
Tanah Lot Temple,Douala,Spain,Religious Sites,19,3.5789473684210527,0.5525018670649738
Sanur Beach,Douala,France,Beaches,18,3.611111111111111,0.5507094846900672
Tegalalang Rice Terrace,Douala,Cyprus,Points of Interest & Landmarks,9,4.0,0.5494398805078416
Waterbom Bali,Douala,Romania,Water Parks,9,4.0,0.5494398805078416
Kuta Beach - Bali,Douala,China,Beaches,36,3.0555555555555554,0.5492905153099328
Sanur Beach,Douala,Italy,Beaches,20,3.5,0.5473487677371173
Sacred Monkey Forest Sanctuary,Douala,Chile,Nature & Wildlife Areas,13,3.8461538461538463,0.5466019417475728
Bromo Tengger Semeru National Park,South Region,Netherlands,National Parks,15,3.7333333333333334,0.5462285287528006
Tanah Lot Temple,Douala,Denmark,Religious Sites,14,3.7857142857142856,0.5460044809559372
Tegenungan Waterfall,Douala,Spain,Waterfalls,14,3.7857142857142856,0.5460044809559372
Sanur Beach,Douala,Sweden,Beaches,16,3.6875,0.5459297983569829
Tegalalang Rice Terrace,Douala,Norway,Points of Interest & Landmarks,17,3.6470588235294117,0.5454817027632561
Seminyak Beach,Douala,Spain,Beaches,17,3.588235294117647,0.5407020164301718
Bromo Tengger Semeru National Park,South Region,Germany,National Parks,5,4.2,0.5398805078416729
Tanah Lot Temple,Douala,Serbia,Religious Sites,5,4.2,0.5398805078416729
Kuta Beach - Bali,Douala,Latvia,Beaches,5,4.2,0.5398805078416729
Mount Semeru Volcano,South Region,United Kingdom,Volcanos,5,4.2,0.5398805078416729
Tegenungan Waterfall,Douala,Georgia,Waterfalls,5,4.2,0.5398805078416729
Tegenungan Waterfall,Douala,Kuwait,Waterfalls,5,4.2,0.5398805078416729
Sanur Beach,Douala,Denmark,Beaches,20,3.4,0.5368932038834952
Nusa Dua Beach,Douala,Italy,Beaches,12,3.8333333333333335,0.5365944734876773
Tegenungan Waterfall,Douala,Italy,Waterfalls,13,3.769230769230769,0.5364451082897684
Nusa Dua Beach,Douala,Portugal,Beaches,8,4.0,0.5359970126960418
Seminyak Beach,Douala,Japan,Beaches,8,4.0,0.5359970126960418
Sanur Beach,Douala,Spain,Beaches,14,3.7142857142857144,0.5353995519044062
Kalibiru National Park,N'Djamena,Singapore,National Parks,14,3.7142857142857144,0.5353995519044062
Sanur Beach,Douala,Vietnam,Beaches,11,3.909090909090909,0.5341299477221807
Seminyak Beach,Douala,Egypt,Beaches,11,3.909090909090909,0.5341299477221807
Tegenungan Waterfall,Douala,Belgium,Waterfalls,15,3.6,0.5308439133681851
Ratu Boko Temple,N'Djamena,Poland,Ancient Ruins,19,3.3684210526315788,0.5303958177744585
Kuta Beach - Bali,Douala,Philippines,Beaches,20,3.3,0.5294249439880507
Tegenungan Waterfall,Douala,Cyprus,Waterfalls,4,4.25,0.5268857356235996
Uluwatu Temple,Douala,Bulgaria,Religious Sites,4,4.25,0.5268857356235996
Tegalalang Rice Terrace,Douala,Lebanon,Points of Interest & Landmarks,4,4.25,0.5268857356235996
Nusa Dua Beach,Douala,Finland,Beaches,4,4.25,0.5268857356235996
Tanah Lot Temple,Douala,Switzerland,Religious Sites,15,3.533333333333333,0.5262135922330097
Kuta Beach - Bali,Douala,Netherlands,Beaches,38,2.973684210526316,0.525242718446602
Water Castle (Tamansari),N'Djamena,Georgia,Points of Interest & Landmarks,14,3.642857142857143,0.5252427184466019
Uluwatu Temple,Douala,Poland,Religious Sites,11,3.8181818181818183,0.5248693054518297
Seminyak Beach,Douala,Vietnam,Beaches,11,3.8181818181818183,0.5248693054518297
Tanah Lot Temple,Douala,Italy,Religious Sites,12,3.75,0.5244958924570575
Nusa Dua Beach,Douala,Norway,Beaches,12,3.75,0.5244958924570575
Nusa Dua Beach,Douala,Sweden,Beaches,17,3.411764705882353,0.5206870799103809
Kuta Beach - Bali,Douala,Germany,Beaches,20,3.1,0.5192681105302465
Ullen Sentalu Museum,N'Djamena,Vietnam,History Museums,7,4.0,0.519193427931292
Nusa Dua Beach,Douala,Hungary,Beaches,7,4.0,0.519193427931292
Seminyak Beach,Douala,Turkey,Beaches,7,4.0,0.519193427931292
Yogyakarta Palace,N'Djamena,Canada,Historic Sites,7,4.0,0.519193427931292
Tanah Lot Temple,Douala,Russia,Religious Sites,7,4.0,0.519193427931292
Sewu Temple,N'Djamena,India,Ancient Ruins,7,4.0,0.519193427931292
Kuta Beach - Bali,Douala,Spain,Beaches,19,3.1578947368421053,0.5175504107542942
Kuta Beach - Bali,Douala,Vietnam,Beaches,12,3.6666666666666665,0.5126960418222554
Kuta Beach - Bali,Douala,Thailand,Beaches,30,2.966666666666667,0.5121732636295743
Sanur Beach,Douala,Norway,Beaches,16,3.375,0.5120238984316654
Tegenungan Waterfall,Douala,Denmark,Waterfalls,15,3.466666666666667,0.511277072442121
Tanah Lot Temple,Douala,Finland,Religious Sites,11,3.727272727272727,0.5106796116504855
Sanur Beach,Douala,Ireland,Beaches,18,3.111111111111111,0.5100821508588499
Tegenungan Waterfall,Douala,Finland,Waterfalls,13,3.5384615384615383,0.5100074682598954
Kalibiru National Park,N'Djamena,United Kingdom,National Parks,14,3.5,0.5097087378640777
Kalibiru National Park,N'Djamena,Poland,National Parks,14,3.5,0.5097087378640777
Uluwatu Temple,Douala,Czech Republic,Religious Sites,14,3.5,0.5097087378640777
Kuta Beach - Bali,Douala,Sri Lanka,Beaches,14,3.5,0.5097087378640777
Tegenungan Waterfall,Douala,Qatar,Waterfalls,3,4.333333333333333,0.5059746079163555
Seminyak Beach,Douala,Mexico,Beaches,3,4.333333333333333,0.5059746079163555
Tegalalang Rice Terrace,Douala,Kenya,Points of Interest & Landmarks,3,4.333333333333333,0.5059746079163555
Museum Malang Tempo Doeloe,South Region,Malaysia,Speciality Museums,3,4.333333333333333,0.5059746079163555
Uluwatu Temple,Douala,Chile,Religious Sites,3,4.333333333333333,0.5059746079163555
Sanur Beach,Douala,Sri Lanka,Beaches,3,4.333333333333333,0.5059746079163555
Jodipan Colorful Village,South Region,Malaysia,Neighborhoods,3,4.333333333333333,0.5059746079163555
Jodipan Colorful Village,South Region,Netherlands,Neighborhoods,3,4.333333333333333,0.5059746079163555
Tegalalang Rice Terrace,Douala,Morocco,Points of Interest & Landmarks,3,4.333333333333333,0.5059746079163555
Tegalalang Rice Terrace,Douala,Hong Kong,Points of Interest & Landmarks,3,4.333333333333333,0.5059746079163555
Tegenungan Waterfall,Douala,Maldives,Waterfalls,3,4.333333333333333,0.5059746079163555
Ratu Boko Temple,N'Djamena,India,Ancient Ruins,3,4.333333333333333,0.5059746079163555
Seminyak Beach,Douala,Romania,Beaches,3,4.333333333333333,0.5059746079163555
Uluwatu Temple,Douala,Oman,Religious Sites,3,4.333333333333333,0.5059746079163555
Sacred Monkey Forest Sanctuary,Douala,Kenya,Nature & Wildlife Areas,3,4.333333333333333,0.5059746079163555
Tegenungan Waterfall,Douala,Slovakia,Waterfalls,3,4.333333333333333,0.5059746079163555
Tanah Lot Temple,Douala,Estonia,Religious Sites,3,4.333333333333333,0.5059746079163555
Ullen Sentalu Museum,N'Djamena,Italy,History Museums,3,4.333333333333333,0.5059746079163555
Tegenungan Waterfall,Douala,Iran,Waterfalls,3,4.333333333333333,0.5059746079163555
Seminyak Beach,Douala,Georgia,Beaches,3,4.333333333333333,0.5059746079163555
Nusa Dua Beach,Douala,Serbia,Beaches,3,4.333333333333333,0.5059746079163555
Waterbom Bali,Douala,Iceland,Water Parks,3,4.333333333333333,0.5059746079163555
Waterbom Bali,Douala,Mauritius,Water Parks,3,4.333333333333333,0.5059746079163555
Tegalalang Rice Terrace,Douala,Argentina,Points of Interest & Landmarks,3,4.333333333333333,0.5059746079163555
Tegenungan Waterfall,Douala,Estonia,Waterfalls,3,4.333333333333333,0.5059746079163555
Ramayana Ballet at Prambanan,N'Djamena,Denmark,Ballets,3,4.333333333333333,0.5059746079163555
Merapi Volcano,N'Djamena,Sweden,Volcanos,3,4.333333333333333,0.5059746079163555
Tegenungan Waterfall,Douala,Lithuania,Waterfalls,3,4.333333333333333,0.5059746079163555
Sanur Beach,Douala,Argentina,Beaches,3,4.333333333333333,0.5059746079163555
Seminyak Beach,Douala,Republic of North Macedonia,Beaches,3,4.333333333333333,0.5059746079163555
Uluwatu Temple,Douala,Mauritius,Religious Sites,3,4.333333333333333,0.5059746079163555
Sewu Temple,N'Djamena,Rwanda,Ancient Ruins,3,4.333333333333333,0.5059746079163555
Sewu Temple,N'Djamena,Vietnam,Ancient Ruins,3,4.333333333333333,0.5059746079163555
Kuta Beach - Bali,Douala,Italy,Beaches,17,3.176470588235294,0.5051530993278566
Tegalalang Rice Terrace,Douala,Cambodia,Points of Interest & Landmarks,12,3.5833333333333335,0.50403286034354
Seminyak Beach,Douala,Sweden,Beaches,15,3.2666666666666666,0.49843166542195666
Tegenungan Waterfall,Douala,Switzerland,Waterfalls,11,3.6363636363636362,0.49813293502613887
Sacred Monkey Forest Sanctuary,Douala,Tanzania,Nature & Wildlife Areas,6,4.0,0.49768483943241226
Tegenungan Waterfall,Douala,Slovenia,Waterfalls,6,4.0,0.49768483943241226
Kuta Beach - Bali,Douala,Russia,Beaches,6,4.0,0.49768483943241226
Tegalalang Rice Terrace,Douala,Russia,Points of Interest & Landmarks,6,4.0,0.49768483943241226
Nusa Dua Beach,Douala,Qatar,Beaches,6,4.0,0.49768483943241226
Tegalalang Rice Terrace,Douala,Jordan,Points of Interest & Landmarks,6,4.0,0.49768483943241226
Seminyak Beach,Douala,Italy,Beaches,8,3.875,0.49731142643764004
Seminyak Beach,Douala,Portugal,Beaches,8,3.875,0.49731142643764004
Ratu Boko Temple,N'Djamena,Malaysia,Ancient Ruins,8,3.875,0.49731142643764004
Malioboro Road,N'Djamena,India,Flea & Street Markets,10,3.7,0.4969380134428678
Tegalalang Rice Terrace,Douala,Taiwan,Points of Interest & Landmarks,10,3.7,0.4969380134428678
Sanur Beach,Douala,United Arab Emirates,Beaches,12,3.5,0.4935772964899178
Tegenungan Waterfall,Douala,Japan,Waterfalls,12,3.5,0.4935772964899178
Kuta Beach - Bali,Douala,Qatar,Beaches,12,3.5,0.4935772964899178
Kuta Beach - Bali,Douala,Sweden,Beaches,15,3.1333333333333333,0.49275578790141894
Nusa Dua Beach,Douala,Turkey,Beaches,10,3.6,0.48558625840179237
Sanur Beach,Douala,Romania,Beaches,12,3.4166666666666665,0.4849141150112024
Kuta Beach - Bali,Douala,France,Beaches,14,3.0714285714285716,0.4810306198655713
Nusa Dua Beach,Douala,Belgium,Beaches,8,3.75,0.480134428678118
Ullen Sentalu Museum,N'Djamena,Canada,History Museums,8,3.75,0.480134428678118
Merapi Volcano,N'Djamena,South Africa,Volcanos,8,3.75,0.480134428678118
Jodipan Colorful Village,South Region,United States,Neighborhoods,2,4.5,0.47714712471994025
Bromo Tengger Semeru National Park,South Region,Sweden,National Parks,2,4.5,0.47714712471994025
Balekambang Beach,South Region,Netherlands,Beaches,2,4.5,0.47714712471994025
Nusa Dua Beach,Douala,Argentina,Beaches,2,4.5,0.47714712471994025
Tegalalang Rice Terrace,Douala,Mariana Islands,Points of Interest & Landmarks,2,4.5,0.47714712471994025
Mount Semeru Volcano,South Region,India,Volcanos,2,4.5,0.47714712471994025
Nusa Dua Beach,Douala,Jordan,Beaches,2,4.5,0.47714712471994025
Yogyakarta Palace,N'Djamena,Italy,Historic Sites,2,4.5,0.47714712471994025
Nusa Dua Beach,Douala,Latvia,Beaches,2,4.5,0.47714712471994025
Coban Rondo Waterfall,South Region,India,Waterfalls,2,4.5,0.47714712471994025
Waterbom Bali,Douala,Republic of North Macedonia,Water Parks,2,4.5,0.47714712471994025
Tanah Lot Temple,Douala,Morocco,Religious Sites,2,4.5,0.47714712471994025
Sewu Temple,N'Djamena,Uganda,Ancient Ruins,2,4.5,0.47714712471994025
Sacred Monkey Forest Sanctuary,Douala,Yemen,Nature & Wildlife Areas,2,4.5,0.47714712471994025
Tegalalang Rice Terrace,Douala,Bhutan,Points of Interest & Landmarks,2,4.5,0.47714712471994025
Museum Malang Tempo Doeloe,South Region,Australia,Speciality Museums,2,4.5,0.47714712471994025
Tegalalang Rice Terrace,Douala,Pakistan,Points of Interest & Landmarks,2,4.5,0.47714712471994025
Sanur Beach,Douala,Kenya,Beaches,2,4.5,0.47714712471994025
Waterbom Bali,Douala,Luxembourg,Water Parks,2,4.5,0.47714712471994025
Nusa Dua Beach,Douala,Nepal,Beaches,2,4.5,0.47714712471994025
Tegalalang Rice Terrace,Douala,East Timor,Points of Interest & Landmarks,2,4.5,0.47714712471994025
Mount Semeru Volcano,South Region,United States,Volcanos,2,4.5,0.47714712471994025
Kuta Beach - Bali,Douala,Algeria,Beaches,2,4.5,0.47714712471994025
Tanah Lot Temple,Douala,NIGERIA,Religious Sites,2,4.5,0.47714712471994025
Seminyak Beach,Douala,Morocco,Beaches,2,4.5,0.47714712471994025
Tegenungan Waterfall,Douala,Jordan,Waterfalls,2,4.5,0.47714712471994025
Water Castle (Tamansari),N'Djamena,Switzerland,Points of Interest & Landmarks,2,4.5,0.47714712471994025
Kuta Beach - Bali,Douala,Ghana,Beaches,2,4.5,0.47714712471994025
Sanur Beach,Douala,Croatia,Beaches,2,4.5,0.47714712471994025
Nusa Dua Beach,Douala,Pakistan,Beaches,2,4.5,0.47714712471994025
Sacred Monkey Forest Sanctuary,Douala,Albania,Nature & Wildlife Areas,2,4.5,0.47714712471994025
Sacred Monkey Forest Sanctuary,Douala,Azerbaijan,Nature & Wildlife Areas,2,4.5,0.47714712471994025
Bromo Tengger Semeru National Park,South Region,Italy,National Parks,2,4.5,0.47714712471994025
Uluwatu Temple,Douala,Bahrain,Religious Sites,2,4.5,0.47714712471994025
Sewu Temple,N'Djamena,Thailand,Ancient Ruins,2,4.5,0.47714712471994025
Uluwatu Temple,Douala,Ecuador,Religious Sites,2,4.5,0.47714712471994025
Tegenungan Waterfall,Douala,Ukraine,Waterfalls,2,4.5,0.47714712471994025
Sacred Monkey Forest Sanctuary,Douala,Nepal,Nature & Wildlife Areas,2,4.5,0.47714712471994025
Kuta Beach - Bali,Douala,Republic of North Macedonia,Beaches,2,4.5,0.47714712471994025
Sacred Monkey Forest Sanctuary,Douala,Belize,Nature & Wildlife Areas,2,4.5,0.47714712471994025
Uluwatu Temple,Douala,Myanmar,Religious Sites,2,4.5,0.47714712471994025
Sacred Monkey Forest Sanctuary,Douala,Puerto Rico,Nature & Wildlife Areas,2,4.5,0.47714712471994025
Yogyakarta Palace,N'Djamena,Belgium,Historic Sites,13,3.1538461538461537,0.47625093353248693
Seminyak Beach,Douala,Russia,Beaches,5,4.0,0.47505601194921576
Kuta Beach - Bali,Douala,Romania,Beaches,5,4.0,0.47505601194921576
Malioboro Road,N'Djamena,Canada,Flea & Street Markets,5,4.0,0.47505601194921576
Sanur Beach,Douala,Switzerland,Beaches,10,3.5,0.47318894697535474
Malioboro Road,N'Djamena,Thailand,Flea & Street Markets,11,3.3636363636363638,0.47094846900672144
Tegenungan Waterfall,Douala,Norway,Waterfalls,8,3.625,0.4635548917102315
Kuta Beach - Bali,Douala,Belgium,Beaches,11,3.1818181818181817,0.4592979835698282
Malioboro Road,N'Djamena,Vietnam,Flea & Street Markets,7,3.7142857142857144,0.4581030619865571
Tanah Lot Temple,Douala,Bulgaria,Religious Sites,7,3.7142857142857144,0.4581030619865571
Sanur Beach,Douala,Czech Republic,Beaches,7,3.7142857142857144,0.4581030619865571
Yogyakarta Palace,N'Djamena,China,Historic Sites,9,3.4444444444444446,0.45519044062733377
Tegenungan Waterfall,Douala,Portugal,Waterfalls,11,3.090909090909091,0.4551157580283794
Sanur Beach,Douala,Georgia,Beaches,6,3.8333333333333335,0.4539208364451083
Sanur Beach,Douala,Cambodia,Beaches,6,3.8333333333333335,0.4539208364451083
Merapi Volcano,N'Djamena,Canada,Volcanos,6,3.8333333333333335,0.4539208364451083
Sacred Monkey Forest Sanctuary,Douala,Hong Kong,Nature & Wildlife Areas,6,3.8333333333333335,0.4539208364451083
Ullen Sentalu Museum,N'Djamena,Jamaica,History Museums,6,3.8333333333333335,0.4539208364451083
Sewu Temple,N'Djamena,Canada,Ancient Ruins,6,3.8333333333333335,0.4539208364451083
Yogyakarta Palace,N'Djamena,France,Historic Sites,6,3.8333333333333335,0.4539208364451083
Uluwatu Temple,Douala,Cyprus,Religious Sites,4,4.0,0.45041075429424937
Tegalalang Rice Terrace,Douala,Israel,Points of Interest & Landmarks,4,4.0,0.45041075429424937
Tegalalang Rice Terrace,Douala,Maldives,Points of Interest & Landmarks,4,4.0,0.45041075429424937
Sanur Beach,Douala,Lithuania,Beaches,4,4.0,0.45041075429424937
Sacred Monkey Forest Sanctuary,Douala,Curacao,Nature & Wildlife Areas,4,4.0,0.45041075429424937
Uluwatu Temple,Douala,Argentina,Religious Sites,4,4.0,0.45041075429424937
Merapi Volcano,N'Djamena,Portugal,Volcanos,4,4.0,0.45041075429424937
Tegalalang Rice Terrace,Douala,Europe,Points of Interest & Landmarks,4,4.0,0.45041075429424937
Merapi Volcano,N'Djamena,Taiwan,Volcanos,4,4.0,0.45041075429424937
Malioboro Road,N'Djamena,Sweden,Flea & Street Markets,4,4.0,0.45041075429424937
Ramayana Ballet at Prambanan,N'Djamena,United Arab Emirates,Ballets,4,4.0,0.45041075429424937
Merapi Volcano,N'Djamena,China,Volcanos,8,3.5,0.4492158327109783
Nusa Dua Beach,Douala,Switzerland,Beaches,9,3.3333333333333335,0.4477221807318894
Tegenungan Waterfall,Douala,Czech Republic,Waterfalls,9,3.3333333333333335,0.4477221807318894
Balekambang Beach,South Region,France,Beaches,1,5.0,0.4445108289768484
Balekambang Beach,South Region,Colombia,Beaches,1,5.0,0.4445108289768484
Balekambang Beach,South Region,Malaysia,Beaches,1,5.0,0.4445108289768484
Balekambang Beach,South Region,India,Beaches,1,5.0,0.4445108289768484
Bromo Tengger Semeru National Park,South Region,Spain,National Parks,1,5.0,0.4445108289768484
Bromo Tengger Semeru National Park,South Region,Taiwan,National Parks,1,5.0,0.4445108289768484
Bromo Tengger Semeru National Park,South Region,Dominican Republic,National Parks,1,5.0,0.4445108289768484
Waterbom Bali,Douala,Ukraine,Water Parks,1,5.0,0.4445108289768484
Nusa Dua Beach,Douala,Estonia,Beaches,1,5.0,0.4445108289768484
Sewu Temple,N'Djamena,Iceland,Ancient Ruins,1,5.0,0.4445108289768484
Ullen Sentalu Museum,N'Djamena,Namibia,History Museums,1,5.0,0.4445108289768484
Ullen Sentalu Museum,N'Djamena,Senegal,History Museums,1,5.0,0.4445108289768484
Sacred Monkey Forest Sanctuary,Douala,Fiji,Nature & Wildlife Areas,1,5.0,0.4445108289768484
Sewu Temple,N'Djamena,Croatia,Ancient Ruins,1,5.0,0.4445108289768484
Goa Cina Beach,South Region,Australia,Beaches,1,5.0,0.4445108289768484
Bromo Tengger Semeru National Park,South Region,Poland,National Parks,1,5.0,0.4445108289768484
Museum Malang Tempo Doeloe,South Region,United States,Speciality Museums,1,5.0,0.4445108289768484
Sanur Beach,Douala,Serbia,Beaches,1,5.0,0.4445108289768484
Museum Malang Tempo Doeloe,South Region,United Kingdom,Speciality Museums,1,5.0,0.4445108289768484
Bromo Tengger Semeru National Park,South Region,Portugal,National Parks,1,5.0,0.4445108289768484
Bromo Tengger Semeru National Park,South Region,Sri Lanka,National Parks,1,5.0,0.4445108289768484
Bromo Tengger Semeru National Park,South Region,Switzerland,National Parks,1,5.0,0.4445108289768484
Sacred Monkey Forest Sanctuary,Douala,French Polynesia,Nature & Wildlife Areas,1,5.0,0.4445108289768484
Sewu Temple,N'Djamena,Japan,Ancient Ruins,1,5.0,0.4445108289768484
Sewu Temple,N'Djamena,Jordan,Ancient Ruins,1,5.0,0.4445108289768484
Uluwatu Temple,Douala,Bhutan,Religious Sites,1,5.0,0.4445108289768484
Uluwatu Temple,Douala,Cambodia,Religious Sites,1,5.0,0.4445108289768484
Uluwatu Temple,Douala,Bosnia and Herzegovina,Religious Sites,1,5.0,0.4445108289768484
Uluwatu Temple,Douala,Colombia,Religious Sites,1,5.0,0.4445108289768484
Uluwatu Temple,Douala,Ethiopia,Religious Sites,1,5.0,0.4445108289768484
Uluwatu Temple,Douala,Iceland,Religious Sites,1,5.0,0.4445108289768484
Uluwatu Temple,Douala,Hong Kong,Religious Sites,1,5.0,0.4445108289768484
Sacred Monkey Forest Sanctuary,Douala,Mongolia,Nature & Wildlife Areas,1,5.0,0.4445108289768484
Tegenungan Waterfall,Douala,Taiwan,Waterfalls,1,5.0,0.4445108289768484
Uluwatu Temple,Douala,Maldives,Religious Sites,1,5.0,0.4445108289768484
Uluwatu Temple,Douala,Jordan,Religious Sites,1,5.0,0.4445108289768484
Malioboro Road,N'Djamena,Brunei Darussalam,Flea & Street Markets,1,5.0,0.4445108289768484
Sacred Monkey Forest Sanctuary,Douala,Belarus,Nature & Wildlife Areas,1,5.0,0.4445108289768484
Tegenungan Waterfall,Douala,Republic of North Macedonia,Waterfalls,1,5.0,0.4445108289768484
Sacred Monkey Forest Sanctuary,Douala,Afghanistan,Nature & Wildlife Areas,1,5.0,0.4445108289768484
Tegenungan Waterfall,Douala,Morocco,Waterfalls,1,5.0,0.4445108289768484
Tegenungan Waterfall,Douala,Mongolia,Waterfalls,1,5.0,0.4445108289768484
Uluwatu Temple,Douala,Puerto Rico,Religious Sites,1,5.0,0.4445108289768484
Uluwatu Temple,Douala,Panama,Religious Sites,1,5.0,0.4445108289768484
Uluwatu Temple,Douala,Palestine,Religious Sites,1,5.0,0.4445108289768484
Uluwatu Temple,Douala,Pakistan,Religious Sites,1,5.0,0.4445108289768484
Seminyak Beach,Douala,Tanzania,Beaches,1,5.0,0.4445108289768484
Seminyak Beach,Douala,Slovakia,Beaches,1,5.0,0.4445108289768484
Sacred Monkey Forest Sanctuary,Douala,Tonga,Nature & Wildlife Areas,1,5.0,0.4445108289768484
Sempu Island,South Region,Vietnam,Nature & Wildlife Areas,1,5.0,0.4445108289768484
Sempu Island,South Region,Czech Republic,Nature & Wildlife Areas,1,5.0,0.4445108289768484
Malang City Square,South Region,Taiwan,Points of Interest & Landmarks,1,5.0,0.4445108289768484
Uluwatu Temple,Douala,Jamaica,Religious Sites,1,5.0,0.4445108289768484
Sanur Beach,Douala,Asia,Beaches,1,5.0,0.4445108289768484
Kuta Beach - Bali,Douala,Libya,Beaches,1,5.0,0.4445108289768484
Uluwatu Temple,Douala,St Martin / St Maarten,Religious Sites,1,5.0,0.4445108289768484
Uluwatu Temple,Douala,Uruguay,Religious Sites,1,5.0,0.4445108289768484
Seminyak Beach,Douala,Mariana Islands,Beaches,1,5.0,0.4445108289768484
Sanur Beach,Douala,Belarus,Beaches,1,5.0,0.4445108289768484
Seminyak Beach,Douala,Nepal,Beaches,1,5.0,0.4445108289768484
Tegenungan Waterfall,Douala,Moldova,Waterfalls,1,5.0,0.4445108289768484
Sanur Beach,Douala,Fiji,Beaches,1,5.0,0.4445108289768484
Waterbom Bali,Douala,Croatia,Water Parks,1,5.0,0.4445108289768484
Waterbom Bali,Douala,Colombia,Water Parks,1,5.0,0.4445108289768484
Waterbom Bali,Douala,Belarus,Water Parks,1,5.0,0.4445108289768484
Kuta Beach - Bali,Douala,Bolivia,Beaches,1,5.0,0.4445108289768484
Tegenungan Waterfall,Douala,Jamaica,Waterfalls,1,5.0,0.4445108289768484
Nusa Dua Beach,Douala,Vanuatu,Beaches,1,5.0,0.4445108289768484
Tanah Lot Temple,Douala,Luxembourg,Religious Sites,1,5.0,0.4445108289768484
Ratu Boko Temple,N'Djamena,China,Ancient Ruins,1,5.0,0.4445108289768484
Waterbom Bali,Douala,Armenia,Water Parks,1,5.0,0.4445108289768484
Waterbom Bali,Douala,Bahamas,Water Parks,1,5.0,0.4445108289768484
Kuta Beach - Bali,Douala,Austria,Beaches,1,5.0,0.4445108289768484
Kuta Beach - Bali,Douala,Belarus,Beaches,1,5.0,0.4445108289768484
Malioboro Road,N'Djamena,Qatar,Flea & Street Markets,1,5.0,0.4445108289768484
Tanah Lot Temple,Douala,Puerto Rico,Religious Sites,1,5.0,0.4445108289768484
Ramayana Ballet at Prambanan,N'Djamena,Philippines,Ballets,1,5.0,0.4445108289768484
Waterbom Bali,Douala,Albania,Water Parks,1,5.0,0.4445108289768484
Nusa Dua Beach,Douala,Zimbabwe,Beaches,1,5.0,0.4445108289768484
Tegenungan Waterfall,Douala,Bahrain,Waterfalls,1,5.0,0.4445108289768484
Merapi Volcano,N'Djamena,Panama,Volcanos,1,5.0,0.4445108289768484
Tegalalang Rice Terrace,Douala,Sudan,Points of Interest & Landmarks,1,5.0,0.4445108289768484
Tegalalang Rice Terrace,Douala,St Martin / St Maarten,Points of Interest & Landmarks,1,5.0,0.4445108289768484
Mount Semeru Volcano,South Region,France,Volcanos,1,5.0,0.4445108289768484
Malang City Square,South Region,Japan,Points of Interest & Landmarks,1,5.0,0.4445108289768484
Uluwatu Temple,Douala,Iraq,Religious Sites,1,5.0,0.4445108289768484
Mount Semeru Volcano,South Region,Australia,Volcanos,1,5.0,0.4445108289768484
Mount Semeru Volcano,South Region,Belgium,Volcanos,1,5.0,0.4445108289768484
Nusa Dua Beach,Douala,Peru,Beaches,1,5.0,0.4445108289768484
Nusa Dua Beach,Douala,Puerto Rico,Beaches,1,5.0,0.4445108289768484
Waterbom Bali,Douala,Iraq,Water Parks,1,5.0,0.4445108289768484
Waterbom Bali,Douala,Grand Cayman,Water Parks,1,5.0,0.4445108289768484
Khayangan Reflexology & Massage,South Region,United Arab Emirates,Spas,1,5.0,0.4445108289768484
Nusa Dua Beach,Douala,Oman,Beaches,1,5.0,0.4445108289768484
Khayangan Reflexology & Massage,South Region,Belgium,Spas,1,5.0,0.4445108289768484
Seminyak Beach,Douala,Jordan,Beaches,1,5.0,0.4445108289768484
Seminyak Beach,Douala,Hungary,Beaches,1,5.0,0.4445108289768484
Khayangan Reflexology & Massage,South Region,Australia,Spas,1,5.0,0.4445108289768484
Waterbom Bali,Douala,East Timor,Water Parks,1,5.0,0.4445108289768484
Waterbom Bali,Douala,Czech Republic,Water Parks,1,5.0,0.4445108289768484
Tegalalang Rice Terrace,Douala,Albania,Points of Interest & Landmarks,1,5.0,0.4445108289768484
Khayangan Reflexology & Massage,South Region,Turkey,Spas,1,5.0,0.4445108289768484
Nusa Dua Beach,Douala,Uzbekistan,Beaches,1,5.0,0.4445108289768484
Nusa Dua Beach,Douala,Ukraine,Beaches,1,5.0,0.4445108289768484
Nusa Dua Beach,Douala,Mauritius,Beaches,1,5.0,0.4445108289768484
Tegalalang Rice Terrace,Douala,Bosnia and Herzegovina,Points of Interest & Landmarks,1,5.0,0.4445108289768484
Tegalalang Rice Terrace,Douala,Barbados,Points of Interest & Landmarks,1,5.0,0.4445108289768484
Tegalalang Rice Terrace,Douala,Algeria,Points of Interest & Landmarks,1,5.0,0.4445108289768484
Nusa Dua Beach,Douala,Slovakia,Beaches,1,5.0,0.4445108289768484
Tegalalang Rice Terrace,Douala,Peru,Points of Interest & Landmarks,1,5.0,0.4445108289768484
Tegalalang Rice Terrace,Douala,Palestine,Points of Interest & Landmarks,1,5.0,0.4445108289768484
Museum Malang Tempo Doeloe,South Region,France,Speciality Museums,1,5.0,0.4445108289768484
Mount Semeru Volcano,South Region,Spain,Volcanos,1,5.0,0.4445108289768484
Mount Semeru Volcano,South Region,South Korea,Volcanos,1,5.0,0.4445108289768484
Mount Semeru Volcano,South Region,Nepal,Volcanos,1,5.0,0.4445108289768484
Nusa Dua Beach,Douala,Myanmar,Beaches,1,5.0,0.4445108289768484
Nusa Dua Beach,Douala,Morocco,Beaches,1,5.0,0.4445108289768484
Tanah Lot Temple,Douala,St Martin / St Maarten,Religious Sites,1,5.0,0.4445108289768484
Mount Semeru Volcano,South Region,Japan,Volcanos,1,5.0,0.4445108289768484
Goa Cina Beach,South Region,Philippines,Beaches,1,5.0,0.4445108289768484
Waterbom Bali,Douala,Mariana Islands,Water Parks,1,5.0,0.4445108289768484
Goa Cina Beach,South Region,Malaysia,Beaches,1,5.0,0.4445108289768484
Waterbom Bali,Douala,Kyrgyzstan,Water Parks,1,5.0,0.4445108289768484
Jomblang Cave,N'Djamena,Malta,Caverns & Caves,1,5.0,0.4445108289768484
Jomblang Cave,N'Djamena,Germany,Caverns & Caves,1,5.0,0.4445108289768484
Waterbom Bali,Douala,Maldives,Water Parks,1,5.0,0.4445108289768484
Seminyak Beach,Douala,Botswana,Beaches,1,5.0,0.4445108289768484
Seminyak Beach,Douala,Azerbaijan,Beaches,1,5.0,0.4445108289768484
Jomblang Cave,N'Djamena,Canada,Caverns & Caves,1,5.0,0.4445108289768484
Sanur Beach,Douala,Puerto Rico,Beaches,1,5.0,0.4445108289768484
Waterbom Bali,Douala,Morocco,Water Parks,1,5.0,0.4445108289768484
Jodipan Colorful Village,South Region,Germany,Neighborhoods,1,5.0,0.4445108289768484
Sanur Beach,Douala,Nepal,Beaches,1,5.0,0.4445108289768484
Seminyak Beach,Douala,Brunei Darussalam,Beaches,1,5.0,0.4445108289768484
Sanur Beach,Douala,NIGERIA,Beaches,1,5.0,0.4445108289768484
Jodipan Colorful Village,South Region,Brazil,Neighborhoods,1,5.0,0.4445108289768484
Tegalalang Rice Terrace,Douala,Montenegro,Points of Interest & Landmarks,1,5.0,0.4445108289768484
Jodipan Colorful Village,South Region,Belgium,Neighborhoods,1,5.0,0.4445108289768484
Tegalalang Rice Terrace,Douala,Moldova,Points of Interest & Landmarks,1,5.0,0.4445108289768484
Nusa Dua Beach,Douala,Colombia,Beaches,1,5.0,0.4445108289768484
Tegalalang Rice Terrace,Douala,Ghana,Points of Interest & Landmarks,1,5.0,0.4445108289768484
Tegalalang Rice Terrace,Douala,Mongolia,Points of Interest & Landmarks,1,5.0,0.4445108289768484
Tegalalang Rice Terrace,Douala,French Polynesia,Points of Interest & Landmarks,1,5.0,0.4445108289768484
Nusa Dua Beach,Douala,Kenya,Beaches,1,5.0,0.4445108289768484
Bromo Tengger Semeru National Park,South Region,Czech Republic,National Parks,1,5.0,0.4445108289768484
Sanur Beach,Douala,Palestine,Beaches,1,5.0,0.4445108289768484
Yogyakarta Palace,N'Djamena,Malta,Historic Sites,1,5.0,0.4445108289768484
Balekambang Beach,South Region,Australia,Beaches,1,5.0,0.4445108289768484
Bromo Tengger Semeru National Park,South Region,Brazil,National Parks,1,5.0,0.4445108289768484
Bromo Tengger Semeru National Park,South Region,Bangladesh,National Parks,1,5.0,0.4445108289768484
Uluwatu Temple,Douala,Taiwan,Religious Sites,7,3.5714285714285716,0.44197162061239725
Yogyakarta Palace,N'Djamena,Thailand,Historic Sites,9,3.2222222222222223,0.4393577296489917
Malang City Square,South Region,Australia,Points of Interest & Landmarks,8,3.375,0.43741598207617627
Kuta Beach - Bali,Douala,Ireland,Beaches,9,3.111111111111111,0.43547423450336065
Seminyak Beach,Douala,Denmark,Beaches,9,3.111111111111111,0.43547423450336065
Kuta Beach - Bali,Douala,Pakistan,Beaches,9,3.111111111111111,0.43547423450336065
Yogyakarta Palace,N'Djamena,New Zealand,Historic Sites,9,3.111111111111111,0.43547423450336065
Malioboro Road,N'Djamena,Japan,Flea & Street Markets,6,3.6666666666666665,0.43002240477968634
Sacred Monkey Forest Sanctuary,Douala,Brunei Darussalam,Nature & Wildlife Areas,6,3.6666666666666665,0.43002240477968634
Nusa Dua Beach,Douala,Georgia,Beaches,6,3.6666666666666665,0.43002240477968634
Kuta Beach - Bali,Douala,Brazil,Beaches,12,2.4166666666666665,0.42785660941000747
Seminyak Beach,Douala,Finland,Beaches,8,3.25,0.4274085138162808
Uluwatu Temple,Douala,Austria,Religious Sites,5,3.8,0.4272591486183719
Tegenungan Waterfall,Douala,Bulgaria,Waterfalls,5,3.8,0.4272591486183719
Merapi Volcano,N'Djamena,Philippines,Volcanos,5,3.8,0.4272591486183719
Tegenungan Waterfall,Douala,Saudi Arabia,Waterfalls,5,3.8,0.4272591486183719
Uluwatu Temple,Douala,South Korea,Religious Sites,5,3.8,0.4272591486183719
Seminyak Beach,Douala,Cambodia,Beaches,7,3.4285714285714284,0.4241971620612397
Seminyak Beach,Douala,Austria,Beaches,7,3.4285714285714284,0.4241971620612397
Kuta Beach - Bali,Douala,Taiwan,Beaches,8,3.125,0.4230769230769231
Malioboro Road,N'Djamena,Czech Republic,Flea & Street Markets,8,3.125,0.4230769230769231
Kuta Beach - Bali,Douala,Portugal,Beaches,9,3.0,0.41844660194174754
Ratu Boko Temple,N'Djamena,Georgia,Ancient Ruins,10,2.9,0.41374159820761763
Sanur Beach,Douala,Portugal,Beaches,3,4.0,0.4132188200149365
Sacred Monkey Forest Sanctuary,Douala,Asia,Nature & Wildlife Areas,3,4.0,0.4132188200149365
Tanah Lot Temple,Douala,East Timor,Religious Sites,3,4.0,0.4132188200149365
Seminyak Beach,Douala,Malta,Beaches,3,4.0,0.4132188200149365
Nusa Dua Beach,Douala,Lithuania,Beaches,3,4.0,0.4132188200149365
Nusa Dua Beach,Douala,Russia,Beaches,3,4.0,0.4132188200149365
Tegalalang Rice Terrace,Douala,Colombia,Points of Interest & Landmarks,3,4.0,0.4132188200149365
Uluwatu Temple,Douala,Georgia,Religious Sites,3,4.0,0.4132188200149365
Uluwatu Temple,Douala,Lithuania,Religious Sites,3,4.0,0.4132188200149365
Uluwatu Temple,Douala,Luxembourg,Religious Sites,3,4.0,0.4132188200149365
Sacred Monkey Forest Sanctuary,Douala,Tunisia,Nature & Wildlife Areas,3,4.0,0.4132188200149365
Waterbom Bali,Douala,Jordan,Water Parks,3,4.0,0.4132188200149365
Tanah Lot Temple,Douala,Nepal,Religious Sites,3,4.0,0.4132188200149365
Sanur Beach,Douala,Latvia,Beaches,7,3.2857142857142856,0.413144137415982
Seminyak Beach,Douala,Brazil,Beaches,7,3.2857142857142856,0.413144137415982
Kalibiru National Park,N'Djamena,Malaysia,National Parks,7,3.2857142857142856,0.413144137415982
Tegenungan Waterfall,Douala,Sweden,Waterfalls,10,2.8,0.4122479462285288
Sewu Temple,N'Djamena,France,Ancient Ruins,6,3.5,0.41090365944734875
Malioboro Road,N'Djamena,France,Flea & Street Markets,6,3.5,0.41090365944734875
Yogyakarta Palace,N'Djamena,Germany,Historic Sites,6,3.5,0.41090365944734875
Ramayana Ballet at Prambanan,N'Djamena,Netherlands,Ballets,6,3.5,0.41090365944734875
Sanur Beach,Douala,Cyprus,Beaches,6,3.5,0.41090365944734875
Sacred Monkey Forest Sanctuary,Douala,Cambodia,Nature & Wildlife Areas,8,3.0,0.4050037341299477
Kuta Beach - Bali,Douala,Norway,Beaches,8,3.0,0.4050037341299477
Kuta Beach - Bali,Douala,Finland,Beaches,8,3.0,0.4050037341299477
Kalibiru National Park,N'Djamena,Georgia,National Parks,5,3.6,0.40067214339059
Water Castle (Tamansari),N'Djamena,India,Points of Interest & Landmarks,5,3.6,0.40067214339059
Sanur Beach,Douala,Austria,Beaches,5,3.6,0.40067214339059
Malioboro Road,N'Djamena,South Korea,Flea & Street Markets,5,3.6,0.40067214339059
Kuta Beach - Bali,Douala,Czech Republic,Beaches,9,2.2222222222222223,0.39604182225541446
Sanur Beach,Douala,Poland,Beaches,6,3.3333333333333335,0.39596713965646
Kuta Beach - Bali,Douala,Chile,Beaches,6,3.3333333333333335,0.39596713965646
Kuta Beach - Bali,Douala,Hungary,Beaches,6,3.3333333333333335,0.39596713965646
Sanur Beach,Douala,Greece,Beaches,4,3.75,0.3945481702763256
Sanur Beach,Douala,Estonia,Beaches,4,3.75,0.3945481702763256
Nusa Dua Beach,Douala,Greece,Beaches,4,3.75,0.3945481702763256
Kuta Beach - Bali,Douala,Slovakia,Beaches,4,3.75,0.3945481702763256
Coban Rondo Waterfall,South Region,Malaysia,Waterfalls,4,3.75,0.3945481702763256
Malioboro Road,N'Djamena,Austria,Flea & Street Markets,4,3.75,0.3945481702763256
Tanah Lot Temple,Douala,Mauritius,Religious Sites,4,3.75,0.3945481702763256
Sanur Beach,Douala,Slovakia,Beaches,8,2.875,0.3894697535474234
Kuta Beach - Bali,Douala,Denmark,Beaches,7,3.0,0.38820014936519787
Kuta Beach - Bali,Douala,Switzerland,Beaches,7,3.0,0.38820014936519787
Kuta Beach - Bali,Douala,Estonia,Beaches,5,3.4,0.37781926811053024
Kuta Beach - Bali,Douala,Iran,Beaches,5,3.4,0.37781926811053024
Tegenungan Waterfall,Douala,Russia,Waterfalls,5,3.4,0.37781926811053024
Kuta Beach - Bali,Douala,Georgia,Beaches,5,3.4,0.37781926811053024
Waterbom Bali,Douala,Finland,Water Parks,5,3.4,0.37781926811053024
Kuta Beach - Bali,Douala,Cambodia,Beaches,7,2.857142857142857,0.3722180731889469
Kuta Beach - Bali,Douala,Turkey,Beaches,7,2.857142857142857,0.3722180731889469
Kuta Beach - Bali,Douala,Poland,Beaches,6,3.0,0.36669156086631816
Nusa Dua Beach,Douala,Denmark,Beaches,6,3.0,0.36669156086631816
Seminyak Beach,Douala,Poland,Beaches,6,3.0,0.36669156086631816
Sanur Beach,Douala,Turkey,Beaches,5,3.2,0.36452576549663923
Yogyakarta Palace,N'Djamena,Spain,Historic Sites,5,3.2,0.36452576549663923
Merapi Volcano,N'Djamena,Bahrain,Volcanos,4,3.5,0.3636295743091859
Sanur Beach,Douala,Russia,Beaches,4,3.5,0.3636295743091859
Kuta Beach - Bali,Douala,Croatia,Beaches,4,3.5,0.3636295743091859
Ramayana Ballet at Prambanan,N'Djamena,South Africa,Ballets,4,3.5,0.3636295743091859
Kuta Beach - Bali,Douala,Iceland,Beaches,4,3.5,0.3636295743091859
Coban Rondo Waterfall,South Region,Netherlands,Waterfalls,2,4.0,0.3522778192681105
Sempu Island,South Region,India,Nature & Wildlife Areas,2,4.0,0.3522778192681105
Kuta Beach - Bali,Douala,East Timor,Beaches,2,4.0,0.3522778192681105
Yogyakarta Palace,N'Djamena,Austria,Historic Sites,2,4.0,0.3522778192681105
Bromo Tengger Semeru National Park,South Region,Saudi Arabia,National Parks,2,4.0,0.3522778192681105
Waterbom Bali,Douala,Costa Rica,Water Parks,2,4.0,0.3522778192681105
Nusa Dua Beach,Douala,Maldives,Beaches,2,4.0,0.3522778192681105
Tegalalang Rice Terrace,Douala,Myanmar,Points of Interest & Landmarks,2,4.0,0.3522778192681105
Tegalalang Rice Terrace,Douala,Curacao,Points of Interest & Landmarks,2,4.0,0.3522778192681105
Jomblang Cave,N'Djamena,Australia,Caverns & Caves,2,4.0,0.3522778192681105
Waterbom Bali,Douala,Honduras,Water Parks,2,4.0,0.3522778192681105
Nusa Dua Beach,Douala,Montenegro,Beaches,2,4.0,0.3522778192681105
Tegalalang Rice Terrace,Douala,Nepal,Points of Interest & Landmarks,2,4.0,0.3522778192681105
Nusa Dua Beach,Douala,Lebanon,Beaches,2,4.0,0.3522778192681105
Seminyak Beach,Douala,Estonia,Beaches,2,4.0,0.3522778192681105
Merapi Volcano,N'Djamena,United Arab Emirates,Volcanos,2,4.0,0.3522778192681105
Seminyak Beach,Douala,Lithuania,Beaches,2,4.0,0.3522778192681105
Ramayana Ballet at Prambanan,N'Djamena,China,Ballets,2,4.0,0.3522778192681105
Tegalalang Rice Terrace,Douala,Puerto Rico,Points of Interest & Landmarks,2,4.0,0.3522778192681105
Tanah Lot Temple,Douala,Slovakia,Religious Sites,2,4.0,0.3522778192681105
Seminyak Beach,Douala,Puerto Rico,Beaches,2,4.0,0.3522778192681105
Sanur Beach,Douala,Malta,Beaches,2,4.0,0.3522778192681105
Coban Rondo Waterfall,South Region,Singapore,Waterfalls,2,4.0,0.3522778192681105
Tegenungan Waterfall,Douala,South Korea,Waterfalls,2,4.0,0.3522778192681105
Tanah Lot Temple,Douala,Croatia,Religious Sites,2,4.0,0.3522778192681105
Sacred Monkey Forest Sanctuary,Douala,Nicaragua,Nature & Wildlife Areas,2,4.0,0.3522778192681105
Tegenungan Waterfall,Douala,Israel,Waterfalls,2,4.0,0.3522778192681105
Tanah Lot Temple,Douala,Bahrain,Religious Sites,2,4.0,0.3522778192681105
Uluwatu Temple,Douala,Europe,Religious Sites,2,4.0,0.3522778192681105
Uluwatu Temple,Douala,Angola,Religious Sites,2,4.0,0.3522778192681105
Kuta Beach - Bali,Douala,Oman,Beaches,2,4.0,0.3522778192681105
Kuta Beach - Bali,Douala,Palestine,Beaches,2,4.0,0.3522778192681105
Ullen Sentalu Museum,N'Djamena,Philippines,History Museums,6,2.5,0.3468259895444361
Tegalalang Rice Terrace,Douala,Ecuador,Points of Interest & Landmarks,3,3.6666666666666665,0.3455563853622106
Uluwatu Temple,Douala,Serbia,Religious Sites,3,3.6666666666666665,0.3455563853622106
Tanah Lot Temple,Douala,Pakistan,Religious Sites,3,3.6666666666666665,0.3455563853622106
Uluwatu Temple,Douala,Slovenia,Religious Sites,3,3.6666666666666665,0.3455563853622106
Yogyakarta Palace,N'Djamena,Mexico,Historic Sites,3,3.6666666666666665,0.3455563853622106
Sanur Beach,Douala,Mariana Islands,Beaches,3,3.6666666666666665,0.3455563853622106
Kuta Beach - Bali,Douala,Mongolia,Beaches,3,3.6666666666666665,0.3455563853622106
Sacred Monkey Forest Sanctuary,Douala,Morocco,Nature & Wildlife Areas,3,3.6666666666666665,0.3455563853622106
Tanah Lot Temple,Douala,Myanmar,Religious Sites,3,3.6666666666666665,0.3455563853622106
Kuta Beach - Bali,Douala,Egypt,Beaches,6,2.3333333333333335,0.34473487677371173
Nusa Dua Beach,Douala,Slovenia,Beaches,4,3.25,0.3418222554144884
Yogyakarta Palace,N'Djamena,Slovenia,Historic Sites,4,3.25,0.3418222554144884
Tanah Lot Temple,Douala,Austria,Religious Sites,4,3.25,0.3418222554144884
Ramayana Ballet at Prambanan,N'Djamena,Japan,Ballets,4,3.25,0.3418222554144884
Tegenungan Waterfall,Douala,Croatia,Waterfalls,4,3.25,0.3418222554144884
Tegenungan Waterfall,Douala,Brunei Darussalam,Waterfalls,4,3.25,0.3418222554144884
Tegenungan Waterfall,Douala,Vietnam,Waterfalls,4,3.25,0.3418222554144884
Kuta Beach - Bali,Douala,Mexico,Beaches,4,3.25,0.3418222554144884
Sanur Beach,Douala,Bulgaria,Beaches,5,2.8,0.32733383121732634
Merapi Volcano,N'Djamena,Belgium,Volcanos,5,2.8,0.32733383121732634
Yogyakarta Palace,N'Djamena,India,Historic Sites,5,2.6,0.32584017923823744
Tanah Lot Temple,Douala,Cyprus,Religious Sites,3,3.3333333333333335,0.3115011202389843
Malioboro Road,N'Djamena,Belgium,Flea & Street Markets,3,3.3333333333333335,0.3115011202389843
Seminyak Beach,Douala,Cyprus,Beaches,3,3.3333333333333335,0.3115011202389843
Ramayana Ballet at Prambanan,N'Djamena,Taiwan,Ballets,3,3.3333333333333335,0.3115011202389843
Kuta Beach - Bali,Douala,Costa Rica,Beaches,3,3.3333333333333335,0.3115011202389843
Kuta Beach - Bali,Douala,Ecuador,Beaches,3,3.3333333333333335,0.3115011202389843
Coban Rondo Waterfall,South Region,Australia,Waterfalls,3,3.3333333333333335,0.3115011202389843
Merapi Volcano,N'Djamena,Denmark,Volcanos,3,3.3333333333333335,0.3115011202389843
Sempu Island,South Region,Malaysia,Nature & Wildlife Areas,3,3.3333333333333335,0.3115011202389843
Kuta Beach - Bali,Douala,Asia,Beaches,3,3.3333333333333335,0.3115011202389843
Uluwatu Temple,Douala,Nepal,Religious Sites,4,2.75,0.30209111277072437
Kuta Beach - Bali,Douala,Greece,Beaches,4,2.5,0.2995519044062733
Kuta Beach - Bali,Douala,Argentina,Beaches,4,2.0,0.29447348767737114
Tegalalang Rice Terrace,Douala,Fiji,Points of Interest & Landmarks,3,3.0,0.28222554144884243
Water Castle (Tamansari),N'Djamena,Netherlands,Points of Interest & Landmarks,3,3.0,0.28222554144884243
Uluwatu Temple,Douala,Laos,Religious Sites,3,3.0,0.28222554144884243
Yogyakarta Palace,N'Djamena,Switzerland,Historic Sites,3,3.0,0.28222554144884243
Seminyak Beach,Douala,Costa Rica,Beaches,3,3.0,0.28222554144884243
Yogyakarta Palace,N'Djamena,Philippines,Historic Sites,3,3.0,0.28222554144884243
Ratu Boko Temple,N'Djamena,Portugal,Ancient Ruins,2,3.5,0.26549663928304706
Yogyakarta Palace,N'Djamena,Taiwan,Historic Sites,2,3.5,0.26549663928304706
Tanah Lot Temple,Douala,Chile,Religious Sites,2,3.5,0.26549663928304706
Nusa Dua Beach,Douala,Israel,Beaches,2,3.5,0.26549663928304706
Sewu Temple,N'Djamena,Denmark,Ancient Ruins,2,3.5,0.26549663928304706
Ratu Boko Temple,N'Djamena,Canada,Ancient Ruins,2,3.5,0.26549663928304706
Malang City Square,South Region,United Kingdom,Points of Interest & Landmarks,2,3.5,0.26549663928304706
Tanah Lot Temple,Douala,Norway,Religious Sites,2,3.5,0.26549663928304706
Sacred Monkey Forest Sanctuary,Douala,Europe,Nature & Wildlife Areas,2,3.5,0.26549663928304706
Goa Cina Beach,South Region,India,Beaches,2,3.5,0.26549663928304706
Uluwatu Temple,Douala,Israel,Religious Sites,2,3.5,0.26549663928304706
Seminyak Beach,Douala,Serbia,Beaches,2,3.5,0.26549663928304706
Tanah Lot Temple,Douala,Latvia,Religious Sites,2,3.5,0.26549663928304706
Kuta Beach - Bali,Douala,Jordan,Beaches,2,3.5,0.26549663928304706
Tegalalang Rice Terrace,Douala,Iceland,Points of Interest & Landmarks,2,3.5,0.26549663928304706
Seminyak Beach,Douala,Chile,Beaches,2,3.5,0.26549663928304706
Sacred Monkey Forest Sanctuary,Douala,Vanuatu,Nature & Wildlife Areas,2,3.5,0.26549663928304706
Tegenungan Waterfall,Douala,Hungary,Waterfalls,2,3.5,0.26549663928304706
Kuta Beach - Bali,Douala,South Korea,Beaches,2,3.5,0.26549663928304706
Sacred Monkey Forest Sanctuary,Douala,Myanmar,Nature & Wildlife Areas,2,3.5,0.26549663928304706
Tegalalang Rice Terrace,Douala,Costa Rica,Points of Interest & Landmarks,2,3.5,0.26549663928304706
Waterbom Bali,Douala,Georgia,Water Parks,2,3.5,0.26549663928304706
Sanur Beach,Douala,Iceland,Beaches,2,3.5,0.26549663928304706
Tegenungan Waterfall,Douala,Myanmar,Waterfalls,2,3.5,0.26549663928304706
Malang City Square,South Region,United States,Points of Interest & Landmarks,2,3.5,0.26549663928304706
Uluwatu Temple,Douala,Asia,Religious Sites,2,3.5,0.26549663928304706
Tanah Lot Temple,Douala,Oman,Religious Sites,3,2.6666666666666665,0.2644510828976848
Sanur Beach,Douala,Qatar,Beaches,3,2.6666666666666665,0.2644510828976848
Kuta Beach - Bali,Douala,Serbia,Beaches,3,2.3333333333333335,0.260268857356236
Yogyakarta Palace,N'Djamena,United Arab Emirates,Historic Sites,1,4.0,0.23778939507094848
Balekambang Beach,South Region,Belgium,Beaches,1,4.0,0.23778939507094848
Bromo Tengger Semeru National Park,South Region,Brunei Darussalam,National Parks,1,4.0,0.23778939507094848
Bromo Tengger Semeru National Park,South Region,United Arab Emirates,National Parks,1,4.0,0.23778939507094848
Balekambang Beach,South Region,New Zealand,Beaches,1,4.0,0.23778939507094848
Nusa Dua Beach,Douala,Fiji,Beaches,1,4.0,0.23778939507094848
Tegalalang Rice Terrace,Douala,Iraq,Points of Interest & Landmarks,1,4.0,0.23778939507094848
Seminyak Beach,Douala,Argentina,Beaches,1,4.0,0.23778939507094848
Tegalalang Rice Terrace,Douala,Jamaica,Points of Interest & Landmarks,1,4.0,0.23778939507094848
Sanur Beach,Douala,Oman,Beaches,1,4.0,0.23778939507094848
Museum Malang Tempo Doeloe,South Region,India,Speciality Museums,1,4.0,0.23778939507094848
Tegalalang Rice Terrace,Douala,Laos,Points of Interest & Landmarks,1,4.0,0.23778939507094848
Tegenungan Waterfall,Douala,St Martin / St Maarten,Waterfalls,1,4.0,0.23778939507094848
Tegenungan Waterfall,Douala,Tunisia,Waterfalls,1,4.0,0.23778939507094848
Tegenungan Waterfall,Douala,Turks and Caicos Islands,Waterfalls,1,4.0,0.23778939507094848
Tegenungan Waterfall,Douala,Yemen,Waterfalls,1,4.0,0.23778939507094848
Sacred Monkey Forest Sanctuary,Douala,Barbados,Nature & Wildlife Areas,1,4.0,0.23778939507094848
Sanur Beach,Douala,Ukraine,Beaches,1,4.0,0.23778939507094848
Sanur Beach,Douala,Mozambique,Beaches,1,4.0,0.23778939507094848
Sanur Beach,Douala,Monaco,Beaches,1,4.0,0.23778939507094848
Sanur Beach,Douala,Hong Kong,Beaches,1,4.0,0.23778939507094848
Malang City Square,South Region,India,Points of Interest & Landmarks,1,4.0,0.23778939507094848
Sacred Monkey Forest Sanctuary,Douala,Kazakhstan,Nature & Wildlife Areas,1,4.0,0.23778939507094848
Uluwatu Temple,Douala,Costa Rica,Religious Sites,1,4.0,0.23778939507094848
Sewu Temple,N'Djamena,Hungary,Ancient Ruins,1,4.0,0.23778939507094848
Sacred Monkey Forest Sanctuary,Douala,Palestine,Nature & Wildlife Areas,1,4.0,0.23778939507094848
Sacred Monkey Forest Sanctuary,Douala,Ghana,Nature & Wildlife Areas,1,4.0,0.23778939507094848
Malang City Square,South Region,Belgium,Points of Interest & Landmarks,1,4.0,0.23778939507094848
Malioboro Road,N'Djamena,Croatia,Flea & Street Markets,1,4.0,0.23778939507094848
Malioboro Road,N'Djamena,Denmark,Flea & Street Markets,1,4.0,0.23778939507094848
Tegenungan Waterfall,Douala,Iceland,Waterfalls,1,4.0,0.23778939507094848
Sanur Beach,Douala,Iran,Beaches,1,4.0,0.23778939507094848
Seminyak Beach,Douala,Bahrain,Beaches,1,4.0,0.23778939507094848
Waterbom Bali,Douala,Israel,Water Parks,1,4.0,0.23778939507094848
Sacred Monkey Forest Sanctuary,Douala,Rwanda,Nature & Wildlife Areas,1,4.0,0.23778939507094848
Uluwatu Temple,Douala,Fiji,Religious Sites,1,4.0,0.23778939507094848
Jomblang Cave,N'Djamena,Netherlands,Caverns & Caves,1,4.0,0.23778939507094848
Goa Cina Beach,South Region,United States,Beaches,1,4.0,0.23778939507094848
Tegenungan Waterfall,Douala,Palestine,Waterfalls,1,4.0,0.23778939507094848
Malang City Square,South Region,Thailand,Points of Interest & Landmarks,1,4.0,0.23778939507094848
Tegenungan Waterfall,Douala,Puerto Rico,Waterfalls,1,4.0,0.23778939507094848
Tanah Lot Temple,Douala,Kuwait,Religious Sites,1,4.0,0.23778939507094848
Tanah Lot Temple,Douala,Jamaica,Religious Sites,1,4.0,0.23778939507094848
Sacred Monkey Forest Sanctuary,Douala,Algeria,Nature & Wildlife Areas,1,4.0,0.23778939507094848
Seminyak Beach,Douala,Ghana,Beaches,1,4.0,0.23778939507094848
Seminyak Beach,Douala,Kenya,Beaches,1,4.0,0.23778939507094848
Nusa Dua Beach,Douala,Costa Rica,Beaches,1,4.0,0.23778939507094848
Nusa Dua Beach,Douala,Asia,Beaches,1,4.0,0.23778939507094848
Mount Semeru Volcano,South Region,Italy,Volcanos,1,4.0,0.23778939507094848
Nusa Dua Beach,Douala,Namibia,Beaches,1,4.0,0.23778939507094848
Tegalalang Rice Terrace,Douala,Cameroon,Points of Interest & Landmarks,1,4.0,0.23778939507094848
Tegalalang Rice Terrace,Douala,Cape Verde,Points of Interest & Landmarks,1,4.0,0.23778939507094848
Sacred Monkey Forest Sanctuary,Douala,Seychelles,Nature & Wildlife Areas,1,4.0,0.23778939507094848
Seminyak Beach,Douala,Ukraine,Beaches,1,4.0,0.23778939507094848
Sempu Island,South Region,Australia,Nature & Wildlife Areas,1,4.0,0.23778939507094848
Sempu Island,South Region,Netherlands,Nature & Wildlife Areas,1,4.0,0.23778939507094848
Tegenungan Waterfall,Douala,Fiji,Waterfalls,1,4.0,0.23778939507094848
Sempu Island,South Region,Poland,Nature & Wildlife Areas,1,4.0,0.23778939507094848
Tegenungan Waterfall,Douala,Malta,Waterfalls,1,4.0,0.23778939507094848
Tegenungan Waterfall,Douala,Latvia,Waterfalls,1,4.0,0.23778939507094848
Sacred Monkey Forest Sanctuary,Douala,Grand Cayman,Nature & Wildlife Areas,1,4.0,0.23778939507094848
Waterbom Bali,Douala,Cyprus,Water Parks,1,4.0,0.23778939507094848
Sacred Monkey Forest Sanctuary,Douala,Montenegro,Nature & Wildlife Areas,1,4.0,0.23778939507094848
Seminyak Beach,Douala,Ecuador,Beaches,1,4.0,0.23778939507094848
Nusa Dua Beach,Douala,Trinidad and Tobago,Beaches,1,4.0,0.23778939507094848
Tanah Lot Temple,Douala,Peru,Religious Sites,1,4.0,0.23778939507094848
Sanur Beach,Douala,Dominican Republic,Beaches,1,4.0,0.23778939507094848
Water Castle (Tamansari),N'Djamena,Italy,Points of Interest & Landmarks,1,4.0,0.23778939507094848
Kuta Beach - Bali,Douala,Brunei Darussalam,Beaches,1,4.0,0.23778939507094848
Uluwatu Temple,Douala,Malta,Religious Sites,1,4.0,0.23778939507094848
Kuta Beach - Bali,Douala,Malta,Beaches,1,4.0,0.23778939507094848
Uluwatu Temple,Douala,Guatemala,Religious Sites,1,4.0,0.23778939507094848
Uluwatu Temple,Douala,Kuwait,Religious Sites,1,4.0,0.23778939507094848
Uluwatu Temple,Douala,Morocco,Religious Sites,1,4.0,0.23778939507094848
Seminyak Beach,Douala,French Polynesia,Beaches,1,4.0,0.23778939507094848
Kuta Beach - Bali,Douala,Mariana Islands,Beaches,1,4.0,0.23778939507094848
Merapi Volcano,N'Djamena,Thailand,Volcanos,1,4.0,0.23778939507094848
Merapi Volcano,N'Djamena,Lithuania,Volcanos,1,4.0,0.23778939507094848
Tegalalang Rice Terrace,Douala,Turks and Caicos Islands,Points of Interest & Landmarks,1,4.0,0.23778939507094848
Mount Semeru Volcano,South Region,Thailand,Volcanos,1,4.0,0.23778939507094848
Nusa Dua Beach,Douala,Luxembourg,Beaches,1,4.0,0.23778939507094848
Tegalalang Rice Terrace,Douala,Asia,Points of Interest & Landmarks,1,4.0,0.23778939507094848
Tegenungan Waterfall,Douala,Costa Rica,Waterfalls,1,4.0,0.23778939507094848
Seminyak Beach,Douala,Slovenia,Beaches,1,4.0,0.23778939507094848
Sacred Monkey Forest Sanctuary,Douala,Turks and Caicos Islands,Nature & Wildlife Areas,1,4.0,0.23778939507094848
Kuta Beach - Bali,Douala,Lebanon,Beaches,1,4.0,0.23778939507094848
Uluwatu Temple,Douala,Senegal,Religious Sites,1,4.0,0.23778939507094848
Seminyak Beach,Douala,Montenegro,Beaches,1,4.0,0.23778939507094848
Water Castle (Tamansari),N'Djamena,Belgium,Points of Interest & Landmarks,1,4.0,0.23778939507094848
Merapi Volcano,N'Djamena,Spain,Volcanos,1,4.0,0.23778939507094848
Kuta Beach - Bali,Douala,Cyprus,Beaches,1,4.0,0.23778939507094848
Nusa Dua Beach,Douala,Panama,Beaches,1,4.0,0.23778939507094848
Coban Rondo Waterfall,South Region,Belgium,Waterfalls,1,4.0,0.23778939507094848
Coban Rondo Waterfall,South Region,Saudi Arabia,Waterfalls,1,4.0,0.23778939507094848
Seminyak Beach,Douala,Mongolia,Beaches,1,4.0,0.23778939507094848
Uluwatu Temple,Douala,Republic of North Macedonia,Religious Sites,1,4.0,0.23778939507094848
Jodipan Colorful Village,South Region,India,Neighborhoods,1,4.0,0.23778939507094848
Jodipan Colorful Village,South Region,New Zealand,Neighborhoods,1,4.0,0.23778939507094848
Nusa Dua Beach,Douala,Brunei Darussalam,Beaches,1,4.0,0.23778939507094848
Waterbom Bali,Douala,Myanmar,Water Parks,1,4.0,0.23778939507094848
Jodipan Colorful Village,South Region,Hong Kong,Neighborhoods,1,4.0,0.23778939507094848
Malang City Square,South Region,Singapore,Points of Interest & Landmarks,1,4.0,0.23778939507094848
Bromo Tengger Semeru National Park,South Region,Turkey,National Parks,1,4.0,0.23778939507094848
Bromo Tengger Semeru National Park,South Region,South Africa,National Parks,1,4.0,0.23778939507094848
Goa Cina Beach,South Region,Belgium,Beaches,1,4.0,0.23778939507094848
Coban Rondo Waterfall,South Region,United Kingdom,Waterfalls,1,4.0,0.23778939507094848
Sanur Beach,Douala,Laos,Beaches,1,4.0,0.23778939507094848
Yogyakarta Palace,N'Djamena,Argentina,Historic Sites,1,4.0,0.23778939507094848
Yogyakarta Palace,N'Djamena,Brazil,Historic Sites,2,3.0,0.22128454070201642
Kuta Beach - Bali,Douala,Luxembourg,Beaches,2,3.0,0.22128454070201642
Uluwatu Temple,Douala,Peru,Religious Sites,2,3.0,0.22128454070201642
Sanur Beach,Douala,Bahrain,Beaches,2,3.0,0.22128454070201642
Tegalalang Rice Terrace,Douala,Senegal,Points of Interest & Landmarks,2,3.0,0.22128454070201642
Ratu Boko Temple,N'Djamena,Netherlands,Ancient Ruins,2,3.0,0.22128454070201642
Seminyak Beach,Douala,Asia,Beaches,2,3.0,0.22128454070201642
Museum Malang Tempo Doeloe,South Region,Spain,Speciality Museums,2,3.0,0.22128454070201642
Tegenungan Waterfall,Douala,Zambia,Waterfalls,2,3.0,0.22128454070201642
Malang City Square,South Region,Canada,Points of Interest & Landmarks,2,3.0,0.22128454070201642
Nusa Dua Beach,Douala,Bahrain,Beaches,2,3.0,0.22128454070201642
Tegalalang Rice Terrace,Douala,NIGERIA,Points of Interest & Landmarks,2,3.0,0.22128454070201642
Sempu Island,South Region,United States,Nature & Wildlife Areas,2,3.0,0.22128454070201642
Tegenungan Waterfall,Douala,East Timor,Waterfalls,2,3.0,0.22128454070201642
Malioboro Road,N'Djamena,Switzerland,Flea & Street Markets,2,3.0,0.22128454070201642
Seminyak Beach,Douala,Czech Republic,Beaches,2,3.0,0.22128454070201642
Seminyak Beach,Douala,Fiji,Beaches,2,3.0,0.22128454070201642
Uluwatu Temple,Douala,Kenya,Religious Sites,2,3.0,0.22128454070201642
Tanah Lot Temple,Douala,Asia,Religious Sites,2,3.0,0.22128454070201642
Sacred Monkey Forest Sanctuary,Douala,NIGERIA,Nature & Wildlife Areas,2,3.0,0.22128454070201642
Malioboro Road,N'Djamena,New Zealand,Flea & Street Markets,2,3.0,0.22128454070201642
Sanur Beach,Douala,Maldives,Beaches,2,2.5,0.20141896938013443
Tanah Lot Temple,Douala,Ukraine,Religious Sites,2,2.5,0.20141896938013443
Uluwatu Temple,Douala,Ukraine,Religious Sites,2,2.5,0.20141896938013443
Malang City Square,South Region,Malaysia,Points of Interest & Landmarks,2,2.5,0.20141896938013443
Seminyak Beach,Douala,Lebanon,Beaches,2,2.5,0.20141896938013443
Sanur Beach,Douala,Brazil,Beaches,2,2.5,0.20141896938013443
Merapi Volcano,N'Djamena,France,Volcanos,2,2.5,0.20141896938013443
Sacred Monkey Forest Sanctuary,Douala,Angola,Nature & Wildlife Areas,2,2.5,0.20141896938013443
Kuta Beach - Bali,Douala,Bulgaria,Beaches,2,2.0,0.19634055265123226
Kuta Beach - Bali,Douala,Mauritius,Beaches,2,2.0,0.19634055265123226
Tegenungan Waterfall,Douala,Albania,Waterfalls,1,3.0,0.10679611650485438
Merapi Volcano,N'Djamena,Japan,Volcanos,1,3.0,0.10679611650485438
Tegalalang Rice Terrace,Douala,Tanzania,Points of Interest & Landmarks,1,3.0,0.10679611650485438
Tegenungan Waterfall,Douala,Argentina,Waterfalls,1,3.0,0.10679611650485438
Kuta Beach - Bali,Douala,Fiji,Beaches,1,3.0,0.10679611650485438
Tegenungan Waterfall,Douala,Angola,Waterfalls,1,3.0,0.10679611650485438
Tegalalang Rice Terrace,Douala,Angola,Points of Interest & Landmarks,1,3.0,0.10679611650485438
Kuta Beach - Bali,Douala,Moldova,Beaches,1,3.0,0.10679611650485438
Kuta Beach - Bali,Douala,NIGERIA,Beaches,1,3.0,0.10679611650485438
Coban Rondo Waterfall,South Region,Philippines,Waterfalls,1,3.0,0.10679611650485438
Kuta Beach - Bali,Douala,Curacao,Beaches,1,3.0,0.10679611650485438
Mount Semeru Volcano,South Region,Canada,Volcanos,1,3.0,0.10679611650485438
Nusa Dua Beach,Douala,Republic of North Macedonia,Beaches,1,3.0,0.10679611650485438
Sanur Beach,Douala,Republic of North Macedonia,Beaches,1,3.0,0.10679611650485438
Kuta Beach - Bali,Douala,Kenya,Beaches,1,3.0,0.10679611650485438
Nusa Dua Beach,Douala,Cambodia,Beaches,1,3.0,0.10679611650485438
Tegalalang Rice Terrace,Douala,Ethiopia,Points of Interest & Landmarks,1,3.0,0.10679611650485438
Coban Rondo Waterfall,South Region,United States,Waterfalls,1,3.0,0.10679611650485438
Malang City Square,South Region,Sweden,Points of Interest & Landmarks,1,3.0,0.10679611650485438
Sanur Beach,Douala,Mauritius,Beaches,1,3.0,0.10679611650485438
Sacred Monkey Forest Sanctuary,Douala,Armenia,Nature & Wildlife Areas,1,3.0,0.10679611650485438
Tegenungan Waterfall,Douala,Oman,Waterfalls,1,3.0,0.10679611650485438
Malang City Square,South Region,United Arab Emirates,Points of Interest & Landmarks,1,3.0,0.10679611650485438
Malioboro Road,N'Djamena,Brazil,Flea & Street Markets,1,3.0,0.10679611650485438
Sacred Monkey Forest Sanctuary,Douala,Botswana,Nature & Wildlife Areas,1,3.0,0.10679611650485438
Sacred Monkey Forest Sanctuary,Douala,Cameroon,Nature & Wildlife Areas,1,3.0,0.10679611650485438
Ratu Boko Temple,N'Djamena,Belgium,Ancient Ruins,1,3.0,0.10679611650485438
Balekambang Beach,South Region,United States,Beaches,1,3.0,0.10679611650485438
Sanur Beach,Douala,Israel,Beaches,1,3.0,0.10679611650485438
Tegenungan Waterfall,Douala,Mauritius,Waterfalls,1,3.0,0.10679611650485438
Kuta Beach - Bali,Douala,Mozambique,Beaches,1,3.0,0.10679611650485438
Tegalalang Rice Terrace,Douala,Seychelles,Points of Interest & Landmarks,1,3.0,0.10679611650485438
Kuta Beach - Bali,Douala,Myanmar,Beaches,1,3.0,0.10679611650485438
Sacred Monkey Forest Sanctuary,Douala,St Martin / St Maarten,Nature & Wildlife Areas,1,3.0,0.10679611650485438
Tegenungan Waterfall,Douala,Bahamas,Waterfalls,1,3.0,0.10679611650485438
Water Castle (Tamansari),N'Djamena,Germany,Points of Interest & Landmarks,1,3.0,0.10679611650485438
Water Castle (Tamansari),N'Djamena,Ireland,Points of Interest & Landmarks,1,3.0,0.10679611650485438
Tanah Lot Temple,Douala,Tanzania,Religious Sites,1,3.0,0.10679611650485438
Kuta Beach - Bali,Douala,Maldives,Beaches,1,3.0,0.10679611650485438
Kuta Beach - Bali,Douala,Bahrain,Beaches,1,3.0,0.10679611650485438
Sanur Beach,Douala,Curacao,Beaches,1,3.0,0.10679611650485438
Seminyak Beach,Douala,Guatemala,Beaches,1,3.0,0.10679611650485438
Seminyak Beach,Douala,Colombia,Beaches,1,3.0,0.10679611650485438
Seminyak Beach,Douala,Jamaica,Beaches,1,3.0,0.10679611650485438
Tegenungan Waterfall,Douala,Luxembourg,Waterfalls,1,3.0,0.10679611650485438
Seminyak Beach,Douala,Kuwait,Beaches,1,3.0,0.10679611650485438
Kuta Beach - Bali,Douala,Slovenia,Beaches,1,3.0,0.10679611650485438
Tanah Lot Temple,Douala,Lebanon,Religious Sites,1,3.0,0.10679611650485438
Ramayana Ballet at Prambanan,N'Djamena,Malta,Ballets,1,3.0,0.10679611650485438
Sanur Beach,Douala,Costa Rica,Beaches,1,3.0,0.10679611650485438
Sanur Beach,Douala,Burkina Faso,Beaches,1,3.0,0.10679611650485438
Bromo Tengger Semeru National Park,South Region,Chad,National Parks,1,3.0,0.10679611650485438
Yogyakarta Palace,N'Djamena,Denmark,Historic Sites,1,3.0,0.10679611650485438
Museum Malang Tempo Doeloe,South Region,Netherlands,Speciality Museums,1,3.0,0.10679611650485438
Bromo Tengger Semeru National Park,South Region,Chile,National Parks,1,3.0,0.10679611650485438
Yogyakarta Palace,N'Djamena,Russia,Historic Sites,1,3.0,0.10679611650485438
Malioboro Road,N'Djamena,Honduras,Flea & Street Markets,1,3.0,0.10679611650485438
Tegenungan Waterfall,Douala,Kenya,Waterfalls,1,3.0,0.10679611650485438
Sacred Monkey Forest Sanctuary,Douala,Ecuador,Nature & Wildlife Areas,1,3.0,0.10679611650485438
Tegenungan Waterfall,Douala,Pakistan,Waterfalls,1,3.0,0.10679611650485438
Ratu Boko Temple,N'Djamena,Mexico,Ancient Ruins,1,3.0,0.10679611650485438
Sanur Beach,Douala,Slovenia,Beaches,1,2.0,0.08185212845407021
Yogyakarta Palace,N'Djamena,Sweden,Historic Sites,1,2.0,0.08185212845407021
Malang City Square,South Region,Netherlands,Points of Interest & Landmarks,1,2.0,0.08185212845407021
Kuta Beach - Bali,Douala,Lithuania,Beaches,1,2.0,0.08185212845407021
Nusa Dua Beach,Douala,Hong Kong,Beaches,1,2.0,0.08185212845407021
Sanur Beach,Douala,Bosnia and Herzegovina,Beaches,1,2.0,0.08185212845407021
Bromo Tengger Semeru National Park,South Region,Asia,National Parks,1,2.0,0.08185212845407021
Ratu Boko Temple,N'Djamena,Japan,Ancient Ruins,1,2.0,0.08185212845407021
Malioboro Road,N'Djamena,Republic of North Macedonia,Flea & Street Markets,1,2.0,0.08185212845407021
Kuta Beach - Bali,Douala,Morocco,Beaches,1,2.0,0.08185212845407021
Merapi Volcano,N'Djamena,Slovenia,Volcanos,1,2.0,0.08185212845407021
Tegenungan Waterfall,Douala,Chile,Waterfalls,1,2.0,0.08185212845407021
Sewu Temple,N'Djamena,China,Ancient Ruins,1,2.0,0.08185212845407021
Bromo Tengger Semeru National Park,South Region,New Zealand,National Parks,1,1.0,0.07811799850634803
Kuta Beach - Bali,Douala,French Polynesia,Beaches,1,1.0,0.07811799850634803
Seminyak Beach,Douala,Monaco,Beaches,1,1.0,0.07811799850634803
Ratu Boko Temple,N'Djamena,Brazil,Ancient Ruins,1,1.0,0.07811799850634803
Uluwatu Temple,Douala,French Polynesia,Religious Sites,1,1.0,0.07811799850634803
Kuta Beach - Bali,Douala,Cuba,Beaches,1,1.0,0.07811799850634803
Seminyak Beach,Douala,Uruguay,Beaches,1,1.0,0.07811799850634803
Tegalalang Rice Terrace,Douala,New Caledonia,Points of Interest & Landmarks,1,1.0,0.07811799850634803
Goa Cina Beach,South Region,Spain,Beaches,1,1.0,0.07811799850634803
